OBJECTID,globalid,aquaticinv,aquatici_1,taxon,ai_abundan,ai_abundgr,ai_selectm,ai_notes,parentglob,CreationDa,Creator,EditDate,Editor,ai_abund_1,MERGE_SRC
1,,,,Hydropsychidae,1,,perennialindicator,,{195DB4CB-28BD-4BB1-A672-F77B608BCCF0},6/13/2019 2:17,,6/13/2019 2:17,,,aquaticinvertebratesdata_3
2,,,,Dytiscidae,1,,,,{154E678D-3747-49B3-9174-729254332606},6/21/2019 4:21,,6/21/2019 4:21,,,aquaticinvertebratesdata_3
3,,,,Gerridae,1,,,Observed not netted,{154E678D-3747-49B3-9174-729254332606},6/21/2019 4:21,,6/21/2019 4:21,,,aquaticinvertebratesdata_3
4,,,,Simuliidae,5,,,,{154E678D-3747-49B3-9174-729254332606},6/21/2019 4:21,,6/21/2019 4:21,,,aquaticinvertebratesdata_3
5,,,,Chironomidae,1,,,Greater than 10. Red,{154E678D-3747-49B3-9174-729254332606},6/21/2019 4:21,,6/21/2019 4:21,,,aquaticinvertebratesdata_3
6,,,,Diptera,1,,,Possibly Athericidae. Sample collected,{154E678D-3747-49B3-9174-729254332606},6/21/2019 4:21,,6/21/2019 4:21,,,aquaticinvertebratesdata_3
7,,,,Simuliidae,9,yes,,Greater than 10. Pupal cases observed,{94C24C07-5D79-4B5C-A38D-526D0FF60B1A},6/22/2019 0:43,,6/22/2019 0:43,,,aquaticinvertebratesdata_3
8,,,,Snail,3,,,No id. Sample taken,{94C24C07-5D79-4B5C-A38D-526D0FF60B1A},6/22/2019 0:43,,6/22/2019 0:43,,,aquaticinvertebratesdata_3
9,,,,Hydropsychidae,9,,perennialindicator,Greater than 10,{94C24C07-5D79-4B5C-A38D-526D0FF60B1A},6/22/2019 0:43,,6/22/2019 0:43,,,aquaticinvertebratesdata_3
10,,,,Baetidae,9,,mayfly,Greater than 10,{94C24C07-5D79-4B5C-A38D-526D0FF60B1A},6/22/2019 0:43,,6/22/2019 0:43,,,aquaticinvertebratesdata_3
11,,,,Xygoptera,4,,,Not calopterygidae. Sample taken,{94C24C07-5D79-4B5C-A38D-526D0FF60B1A},6/22/2019 0:43,,6/22/2019 0:43,,,aquaticinvertebratesdata_3
12,,,,Diptera,4,,,No id. Sample taken,{94C24C07-5D79-4B5C-A38D-526D0FF60B1A},6/22/2019 0:43,,6/22/2019 0:43,,,aquaticinvertebratesdata_3
13,,,,Trichoptera case,2,,deadmaterial,Case. Sample taken,{94C24C07-5D79-4B5C-A38D-526D0FF60B1A},6/22/2019 0:43,,6/22/2019 0:43,,,aquaticinvertebratesdata_3
14,,,,Naucoridae,2,,,,{94C24C07-5D79-4B5C-A38D-526D0FF60B1A},6/22/2019 0:43,,6/22/2019 0:43,,,aquaticinvertebratesdata_3
15,,,,Elmidae,2,,perennialindicator,Adult sample taken,{94C24C07-5D79-4B5C-A38D-526D0FF60B1A},6/22/2019 0:43,,6/22/2019 0:43,,,aquaticinvertebratesdata_3
16,,,,Odonata,6,,deadmaterial,Exuvium. Sample taken,{94C24C07-5D79-4B5C-A38D-526D0FF60B1A},6/22/2019 0:43,,6/22/2019 0:43,,,aquaticinvertebratesdata_3
17,,,,Amphipoda,9,,,Greater than 10,{7192F109-8617-4231-871C-DAD86552E24B},6/25/2019 2:15,,6/25/2019 2:15,,,aquaticinvertebratesdata_3
18,,,,Athericidae,9,,,Greater than 10,{7192F109-8617-4231-871C-DAD86552E24B},6/25/2019 2:15,,6/25/2019 2:15,,,aquaticinvertebratesdata_3
19,,,,Snail,9,,,"Greater than 10.
Unknown family. Sample taken",{7192F109-8617-4231-871C-DAD86552E24B},6/25/2019 2:15,,6/25/2019 2:15,,,aquaticinvertebratesdata_3
20,,,,Baetidae,9,,mayfly,Greater than 10,{7192F109-8617-4231-871C-DAD86552E24B},6/25/2019 2:15,,6/25/2019 2:15,,,aquaticinvertebratesdata_3
21,,,,Chironomidae,9,,,Greater than 10,{7192F109-8617-4231-871C-DAD86552E24B},6/25/2019 2:15,,6/25/2019 2:15,,,aquaticinvertebratesdata_3
22,,,,Haliplidae,5,,,,{7192F109-8617-4231-871C-DAD86552E24B},6/25/2019 2:15,,6/25/2019 2:15,,,aquaticinvertebratesdata_3
23,,,,Acariformes,9,,,Greater than 10,{7192F109-8617-4231-871C-DAD86552E24B},6/25/2019 2:15,,6/25/2019 2:15,,,aquaticinvertebratesdata_3
24,,,,Culicidae,1,,,Pupa.,{7192F109-8617-4231-871C-DAD86552E24B},6/25/2019 2:15,,6/25/2019 2:15,,,aquaticinvertebratesdata_3
25,,,,Planorbidae,1,,,Unsure of id. Sample taken,{7192F109-8617-4231-871C-DAD86552E24B},6/25/2019 2:15,,6/25/2019 2:15,,,aquaticinvertebratesdata_3
26,,,,Soenagrionidae,6,,,,{7192F109-8617-4231-871C-DAD86552E24B},6/25/2019 2:15,,6/25/2019 2:15,,,aquaticinvertebratesdata_3
27,,,,Dytiscidae,9,,,Greater than 10.,{F71F10BB-4019-4382-A0DA-08C66DC3167C},6/25/2019 2:15,,6/25/2019 2:15,,,aquaticinvertebratesdata_3
28,,,,Coenagrionidae,1,,,,{F71F10BB-4019-4382-A0DA-08C66DC3167C},6/25/2019 2:15,,6/25/2019 2:15,,,aquaticinvertebratesdata_3
29,,,,Hydrophilidae,6,,,Larvae,{F71F10BB-4019-4382-A0DA-08C66DC3167C},6/25/2019 2:15,,6/25/2019 2:15,,,aquaticinvertebratesdata_3
30,,,,Coleoptera,9,,,Greater than 10. Small unknown family. Sample taken,{F71F10BB-4019-4382-A0DA-08C66DC3167C},6/25/2019 2:15,,6/25/2019 2:15,,,aquaticinvertebratesdata_3
31,,,,Veliidae,9,,,Greater than 10,{F71F10BB-4019-4382-A0DA-08C66DC3167C},6/25/2019 2:15,,6/25/2019 2:15,,,aquaticinvertebratesdata_3
32,,,,Acariformes,9,,,Greater than 10,{06A7512C-EC2C-4C45-BDCA-E19DBEB59AB0},6/30/2019 2:14,,6/30/2019 2:14,,,aquaticinvertebratesdata_3
33,,,,Lestidae,2,,,,{06A7512C-EC2C-4C45-BDCA-E19DBEB59AB0},6/30/2019 2:14,,6/30/2019 2:14,,,aquaticinvertebratesdata_3
34,,,,Baetidae,9,,mayfly,Greater than 10,{06A7512C-EC2C-4C45-BDCA-E19DBEB59AB0},6/30/2019 2:14,,6/30/2019 2:14,,,aquaticinvertebratesdata_3
35,,,,Amphipoda,9,,,Greater than 10,{06A7512C-EC2C-4C45-BDCA-E19DBEB59AB0},6/30/2019 2:14,,6/30/2019 2:14,,,aquaticinvertebratesdata_3
36,,,,Snail,4,,,Sample taken,{06A7512C-EC2C-4C45-BDCA-E19DBEB59AB0},6/30/2019 2:14,,6/30/2019 2:14,,,aquaticinvertebratesdata_3
37,,,,Haliplidae,1,,,Larvae sample taken,{06A7512C-EC2C-4C45-BDCA-E19DBEB59AB0},6/30/2019 2:14,,6/30/2019 2:14,,,aquaticinvertebratesdata_3
38,,,,Libellulidae,1,,,,{06A7512C-EC2C-4C45-BDCA-E19DBEB59AB0},6/30/2019 2:14,,6/30/2019 2:14,,,aquaticinvertebratesdata_3
39,,,,Corixidae,1,,,,{06A7512C-EC2C-4C45-BDCA-E19DBEB59AB0},6/30/2019 2:14,,6/30/2019 2:14,,,aquaticinvertebratesdata_3
40,,,,Lepidostomatidae,9,,,Greater than 10. Sample taken,{06A7512C-EC2C-4C45-BDCA-E19DBEB59AB0},6/30/2019 2:14,,6/30/2019 2:14,,,aquaticinvertebratesdata_3
41,,,,Limnephilidae,9,,,Greater than 10. Sample taken,{06A7512C-EC2C-4C45-BDCA-E19DBEB59AB0},6/30/2019 2:14,,6/30/2019 2:14,,,aquaticinvertebratesdata_3
42,,,,Leeches,5,,,,{06A7512C-EC2C-4C45-BDCA-E19DBEB59AB0},6/30/2019 2:14,,6/30/2019 2:14,,,aquaticinvertebratesdata_3
43,,,,Culicidae,9,,,Greater than 10.,{06A7512C-EC2C-4C45-BDCA-E19DBEB59AB0},6/30/2019 2:14,,6/30/2019 2:14,,,aquaticinvertebratesdata_3
44,,,,Dytiscidae,5,,,2 species,{06A7512C-EC2C-4C45-BDCA-E19DBEB59AB0},6/30/2019 2:14,,6/30/2019 2:14,,,aquaticinvertebratesdata_3
45,,,,Libellulidae,3,,,,{E189DBDB-47EA-44A7-B41D-426B1B1738E2},6/30/2019 2:16,,6/30/2019 2:16,,,aquaticinvertebratesdata_3
46,,,,Dytiscidae,9,,,Greater than 10. 3 species,{E189DBDB-47EA-44A7-B41D-426B1B1738E2},6/30/2019 2:16,,6/30/2019 2:16,,,aquaticinvertebratesdata_3
47,,,,Coenagrionidae,9,,,Greater than 10,{E189DBDB-47EA-44A7-B41D-426B1B1738E2},6/30/2019 2:16,,6/30/2019 2:16,,,aquaticinvertebratesdata_3
48,,,,Baetidae,9,,,Greater than 10,{E189DBDB-47EA-44A7-B41D-426B1B1738E2},6/30/2019 2:16,,6/30/2019 2:16,,,aquaticinvertebratesdata_3
49,,,,Leptohyphidae,9,,,Greater than 10,{E189DBDB-47EA-44A7-B41D-426B1B1738E2},6/30/2019 2:16,,6/30/2019 2:16,,,aquaticinvertebratesdata_3
50,,,,Amphipoda,2,,,,{E189DBDB-47EA-44A7-B41D-426B1B1738E2},6/30/2019 2:16,,6/30/2019 2:16,,,aquaticinvertebratesdata_3
51,,,,Dixidae,1,,,,{E189DBDB-47EA-44A7-B41D-426B1B1738E2},6/30/2019 2:16,,6/30/2019 2:16,,,aquaticinvertebratesdata_3
52,,,,Calopterygidae,1,,perennialindicator,,{E189DBDB-47EA-44A7-B41D-426B1B1738E2},6/30/2019 2:16,,6/30/2019 2:16,,,aquaticinvertebratesdata_3
53,,,,Corixidae,1,,,,{E189DBDB-47EA-44A7-B41D-426B1B1738E2},6/30/2019 2:16,,6/30/2019 2:16,,,aquaticinvertebratesdata_3
54,,,,Tabanidae,1,,,,{E189DBDB-47EA-44A7-B41D-426B1B1738E2},6/30/2019 2:16,,6/30/2019 2:16,,,aquaticinvertebratesdata_3
55,,,,Hydrophilidae,9,,,"Greater than 10. Observed, not captured",{E189DBDB-47EA-44A7-B41D-426B1B1738E2},6/30/2019 2:16,,6/30/2019 2:16,,,aquaticinvertebratesdata_3
56,,,,Gerridae,9,,,"Greater than 10. Observed, not captured",{E189DBDB-47EA-44A7-B41D-426B1B1738E2},6/30/2019 2:16,,6/30/2019 2:16,,,aquaticinvertebratesdata_3
57,,,,Libellulidae,3,,,Saw many more. Only sampled 3. Sample taken,{8DDA4AE4-81E4-4E55-B9D6-A7EC9495A960},6/30/2019 2:16,,6/30/2019 2:16,,,aquaticinvertebratesdata_3
58,,,,Chironomidae,9,,,Greater than 10,{8DDA4AE4-81E4-4E55-B9D6-A7EC9495A960},6/30/2019 2:16,,6/30/2019 2:16,,,aquaticinvertebratesdata_3
59,,,,Lestidae,0,,,Greater than 10,{8DDA4AE4-81E4-4E55-B9D6-A7EC9495A960},6/30/2019 2:16,,6/30/2019 2:16,,,aquaticinvertebratesdata_3
60,,,,Coenagrionidae,4,,,,{8DDA4AE4-81E4-4E55-B9D6-A7EC9495A960},6/30/2019 2:16,,6/30/2019 2:16,,,aquaticinvertebratesdata_3
61,,,,Coenagrionidae,3,,,,{F5A4BC1D-0264-47A9-BF2A-E838FFC093A0},6/30/2019 2:16,,6/30/2019 2:16,,,aquaticinvertebratesdata_3
62,,,,Libellulidae,9,,,Greater than 10. Sample taken,{F5A4BC1D-0264-47A9-BF2A-E838FFC093A0},6/30/2019 2:16,,6/30/2019 2:16,,,aquaticinvertebratesdata_3
63,,,,Snail,9,,,Greater than 10. Unknown id. Sample taken,{F5A4BC1D-0264-47A9-BF2A-E838FFC093A0},6/30/2019 2:16,,6/30/2019 2:16,,,aquaticinvertebratesdata_3
64,,,,Tabanidae,1,,,,{F5A4BC1D-0264-47A9-BF2A-E838FFC093A0},6/30/2019 2:16,,6/30/2019 2:16,,,aquaticinvertebratesdata_3
65,,,,Dytiscidae,1,,,Sample taken,{F5A4BC1D-0264-47A9-BF2A-E838FFC093A0},6/30/2019 2:16,,6/30/2019 2:16,,,aquaticinvertebratesdata_3
66,,,,Trichoptera,1,,,Either silky case or pupating,{F5A4BC1D-0264-47A9-BF2A-E838FFC093A0},6/30/2019 2:16,,6/30/2019 2:16,,,aquaticinvertebratesdata_3
67,,,,Hydropsychidae,4,,perennialindicator,,{1EA475D3-3DE8-4D02-BABB-807C24F4DC57},6/30/2019 2:31,,6/30/2019 2:31,,,aquaticinvertebratesdata_3
68,,,,Dytiscidae,4,,,Sample taken,{1EA475D3-3DE8-4D02-BABB-807C24F4DC57},6/30/2019 2:31,,6/30/2019 2:31,,,aquaticinvertebratesdata_3
69,,,,Helicopsychidae,9,,,Greater than 10.,{1EA475D3-3DE8-4D02-BABB-807C24F4DC57},6/30/2019 2:31,,6/30/2019 2:31,,,aquaticinvertebratesdata_3
70,,,,Elmidae,9,,,Greater than 10. Sample adult,{1EA475D3-3DE8-4D02-BABB-807C24F4DC57},6/30/2019 2:31,,6/30/2019 2:31,,,aquaticinvertebratesdata_3
71,,,,Leptohyphidae,9,,mayfly,Greater than 10,{1EA475D3-3DE8-4D02-BABB-807C24F4DC57},6/30/2019 2:31,,6/30/2019 2:31,,,aquaticinvertebratesdata_3
72,,,,Calopterygidae,9,,perennialindicator,Greater than 10. Most abundant sample,{1EA475D3-3DE8-4D02-BABB-807C24F4DC57},6/30/2019 2:31,,6/30/2019 2:31,,,aquaticinvertebratesdata_3
73,,,,Coenagrionidae,2,,,,{1EA475D3-3DE8-4D02-BABB-807C24F4DC57},6/30/2019 2:31,,6/30/2019 2:31,,,aquaticinvertebratesdata_3
74,,,,Simuliidae,9,,,Greater than 10,{1EA475D3-3DE8-4D02-BABB-807C24F4DC57},6/30/2019 2:31,,6/30/2019 2:31,,,aquaticinvertebratesdata_3
75,,,,Baetidae,9,,mayfly,Greater than 10. Small sample taken,{1EA475D3-3DE8-4D02-BABB-807C24F4DC57},6/30/2019 2:31,,6/30/2019 2:31,,,aquaticinvertebratesdata_3
76,,,,Snail,3,,,,{1EA475D3-3DE8-4D02-BABB-807C24F4DC57},6/30/2019 2:31,,6/30/2019 2:31,,,aquaticinvertebratesdata_3
77,,,,Hydrophilidae,3,,,Sample taken,{1EA475D3-3DE8-4D02-BABB-807C24F4DC57},6/30/2019 2:31,,6/30/2019 2:31,,,aquaticinvertebratesdata_3
78,,,,Acariformes,9,,,Greater than 10.,{1EA475D3-3DE8-4D02-BABB-807C24F4DC57},6/30/2019 2:31,,6/30/2019 2:31,,,aquaticinvertebratesdata_3
79,,,,Gerridae,9,,,"Greater than 10. Seen, not sampled",{1EA475D3-3DE8-4D02-BABB-807C24F4DC57},6/30/2019 2:31,,6/30/2019 2:31,,,aquaticinvertebratesdata_3
80,,,,Baetidae,9,,mayfly,Greater than 10,{8DDA4AE4-81E4-4E55-B9D6-A7EC9495A960},6/30/2019 2:37,,6/30/2019 2:37,,,aquaticinvertebratesdata_3
81,,,,Hydrophilidae,9,,,Greater than 10. 3 larvae. Sample taken,{8DDA4AE4-81E4-4E55-B9D6-A7EC9495A960},6/30/2019 2:37,,6/30/2019 2:37,,,aquaticinvertebratesdata_3
82,,,,Dytiscidae,9,,,Greater than 10. ID needed,{8DDA4AE4-81E4-4E55-B9D6-A7EC9495A960},6/30/2019 2:37,,6/30/2019 2:37,,,aquaticinvertebratesdata_3
83,,,,Snail,9,,,Greater than 10,{8DDA4AE4-81E4-4E55-B9D6-A7EC9495A960},6/30/2019 2:37,,6/30/2019 2:37,,,aquaticinvertebratesdata_3
84,,,,Aegmidae,2,,,,{8DDA4AE4-81E4-4E55-B9D6-A7EC9495A960},6/30/2019 2:37,,6/30/2019 2:37,,,aquaticinvertebratesdata_3
85,,,,Veliidae,3,,,,{8DDA4AE4-81E4-4E55-B9D6-A7EC9495A960},6/30/2019 2:37,,6/30/2019 2:37,,,aquaticinvertebratesdata_3
86,,,,Gyrinidae,2,,,Seen not sampled,{8DDA4AE4-81E4-4E55-B9D6-A7EC9495A960},6/30/2019 2:37,,6/30/2019 2:37,,,aquaticinvertebratesdata_3
87,,,,Coleoptera,1,,,Unknown family. Sample taken,{8DDA4AE4-81E4-4E55-B9D6-A7EC9495A960},6/30/2019 2:37,,6/30/2019 2:37,,,aquaticinvertebratesdata_3
88,,,,Dytiscidae,9,,, More than 10,{A8040277-D9A6-464C-8AA1-A116ED2FC39C},7/29/2019 21:02,raphaelmazor,7/29/2019 21:02,raphaelmazor,,aquaticinvertebratesdata_3
89,,,,Large dytiscid,1,,,,{A8040277-D9A6-464C-8AA1-A116ED2FC39C},7/29/2019 21:02,raphaelmazor,7/29/2019 21:02,raphaelmazor,,aquaticinvertebratesdata_3
90,,,,Putative caddis,1,,, Definitely not a perennial indicator family,{A8040277-D9A6-464C-8AA1-A116ED2FC39C},7/29/2019 21:02,raphaelmazor,7/29/2019 21:02,raphaelmazor,,aquaticinvertebratesdata_3
91,,,,Small dytiscidae,9,,, More than 10 individuals,{3913632E-4F21-4217-8FDC-5293276BB2AF},7/30/2019 22:21,raphaelmazor,7/30/2019 22:21,raphaelmazor,,aquaticinvertebratesdata_3
92,,,,Large dystiscidae,1,,,,{3913632E-4F21-4217-8FDC-5293276BB2AF},7/30/2019 22:21,raphaelmazor,7/30/2019 22:21,raphaelmazor,,aquaticinvertebratesdata_3
93,,,,"Caddis pupa, possibly",1,,, Not sure if this is a pupal case. Definitely not one of the perennial indicator families,{3913632E-4F21-4217-8FDC-5293276BB2AF},7/30/2019 22:21,raphaelmazor,7/30/2019 22:21,raphaelmazor,,aquaticinvertebratesdata_3
94,,,,Baetis adonis,10,,mayfly,ID from ABL,{9076BD8E-DCDC-45DE-8457-1211F00126D1},6/26/2019 23:46,,7/24/2019 21:09,raphaelmazor,,aquaticinvertebratesdata_4
95,,,,Leptohyphidae,10,,mayfly," Definitely a mayfly, but not 100% confident about family. Update-not present in ABL sample.",{9076BD8E-DCDC-45DE-8457-1211F00126D1},6/26/2019 23:46,,7/24/2019 21:09,raphaelmazor,,aquaticinvertebratesdata_4
96,,,,Simulium,10,,, The most abundant bug in the stream. ID from ABL.,{9076BD8E-DCDC-45DE-8457-1211F00126D1},6/26/2019 23:46,,7/24/2019 21:09,raphaelmazor,,aquaticinvertebratesdata_4
97,,,,Thienemannimyia group,1,,,ID from ABL.,{9076BD8E-DCDC-45DE-8457-1211F00126D1},6/26/2019 23:46,,7/24/2019 21:10,raphaelmazor,,aquaticinvertebratesdata_4
98,,,,Muscidae,1,,,ID from ABL. Field ID was incorrect (Ephydridae),{9076BD8E-DCDC-45DE-8457-1211F00126D1},6/26/2019 23:46,,7/24/2019 21:10,raphaelmazor,,aquaticinvertebratesdata_4
99,,,,Agabus,1,,,ID from ABL.,{9076BD8E-DCDC-45DE-8457-1211F00126D1},6/26/2019 23:46,,7/24/2019 21:10,raphaelmazor,,aquaticinvertebratesdata_4
100,,,,Baetidae,10,,mayfly,,{D03B5D74-2808-4E12-8915-956250367862},6/28/2019 23:30,raphaelmazor,6/28/2019 23:30,raphaelmazor,,aquaticinvertebratesdata_4
101,,,,Corydalidae (O-D group),1,,perennialindicator,,{D03B5D74-2808-4E12-8915-956250367862},6/28/2019 23:30,raphaelmazor,6/28/2019 23:30,raphaelmazor,,aquaticinvertebratesdata_4
102,,,,Corydalidae (N-P),1,,perennialindicator,,{D03B5D74-2808-4E12-8915-956250367862},6/28/2019 23:30,raphaelmazor,6/28/2019 23:30,raphaelmazor,,aquaticinvertebratesdata_4
103,,,,Dytiscidae,1,,,,{D03B5D74-2808-4E12-8915-956250367862},6/28/2019 23:30,raphaelmazor,6/28/2019 23:30,raphaelmazor,,aquaticinvertebratesdata_4
104,,,,Simuliidae,10,,,,{D03B5D74-2808-4E12-8915-956250367862},6/28/2019 23:30,raphaelmazor,6/28/2019 23:30,raphaelmazor,,aquaticinvertebratesdata_4
105,,,,Chironomidae,8,,,,{D03B5D74-2808-4E12-8915-956250367862},6/28/2019 23:30,raphaelmazor,6/28/2019 23:30,raphaelmazor,,aquaticinvertebratesdata_4
106,,,,Blephariceridae,10,,,,{D03B5D74-2808-4E12-8915-956250367862},6/28/2019 23:30,raphaelmazor,6/28/2019 23:30,raphaelmazor,,aquaticinvertebratesdata_4
107,,,,Rhyacophilidae,3,,perennialindicator, Pupae only,{D03B5D74-2808-4E12-8915-956250367862},6/28/2019 23:30,raphaelmazor,6/28/2019 23:30,raphaelmazor,,aquaticinvertebratesdata_4
108,,,,Plecoptera,2,,,Probably Leuctridae,{D03B5D74-2808-4E12-8915-956250367862},6/28/2019 23:30,raphaelmazor,6/28/2019 23:30,raphaelmazor,,aquaticinvertebratesdata_4
109,,,,Rhyacophila rayneri,10,,perennialindicator,"ID From ABL. Originally mis-IDed as Hydropsychidae, and mis-entered as Hydrophilidae.",{C4B26978-8955-4CB6-8D75-80412FBE9D97},6/28/2019 23:53,raphaelmazor,7/24/2019 21:12,raphaelmazor,,aquaticinvertebratesdata_4
110,,,,Gerridae,10,,,,{C4B26978-8955-4CB6-8D75-80412FBE9D97},6/28/2019 23:53,raphaelmazor,6/28/2019 23:53,raphaelmazor,,aquaticinvertebratesdata_4
111,,,,Tipulidae,10,,, Swarming adults,{C4B26978-8955-4CB6-8D75-80412FBE9D97},6/28/2019 23:53,raphaelmazor,6/28/2019 23:53,raphaelmazor,,aquaticinvertebratesdata_4
112,,,,Neohermes,1,,perennialindicator,ID from ABL,{C4B26978-8955-4CB6-8D75-80412FBE9D97},6/28/2019 23:53,raphaelmazor,7/24/2019 21:13,raphaelmazor,,aquaticinvertebratesdata_4
113,,,,Lepidostoma,1,,, Pupal case,{C4B26978-8955-4CB6-8D75-80412FBE9D97},6/28/2019 23:53,raphaelmazor,6/28/2019 23:53,raphaelmazor,,aquaticinvertebratesdata_4
114,,,,Rhyacophilidae,1,,perennialindicator,,{C4B26978-8955-4CB6-8D75-80412FBE9D97},6/28/2019 23:53,raphaelmazor,6/28/2019 23:53,raphaelmazor,,aquaticinvertebratesdata_4
115,,,,Baetis adonis,10,,mayfly,ID from ABL,{C4B26978-8955-4CB6-8D75-80412FBE9D97},6/28/2019 23:53,raphaelmazor,7/24/2019 21:13,raphaelmazor,,aquaticinvertebratesdata_4
116,,,,Argia,1,,,ID from ABL,{C4B26978-8955-4CB6-8D75-80412FBE9D97},6/28/2019 23:53,raphaelmazor,7/24/2019 21:13,raphaelmazor,,aquaticinvertebratesdata_4
117,,,,Taenionema,1,,,ID from ABL. Field ID was incorrect (Capniidae),{C4B26978-8955-4CB6-8D75-80412FBE9D97},6/28/2019 23:53,raphaelmazor,7/24/2019 21:14,raphaelmazor,,aquaticinvertebratesdata_4
118,,,,Chironomidae,10,,,,{C4B26978-8955-4CB6-8D75-80412FBE9D97},6/28/2019 23:53,raphaelmazor,6/28/2019 23:53,raphaelmazor,,aquaticinvertebratesdata_4
119,,,,Simulium,10,,,ID from ABL,{C4B26978-8955-4CB6-8D75-80412FBE9D97},6/28/2019 23:53,raphaelmazor,7/24/2019 21:14,raphaelmazor,,aquaticinvertebratesdata_4
120,,,,Leptohyphidae,3,,mayfly,,{C4B26978-8955-4CB6-8D75-80412FBE9D97},6/28/2019 23:53,raphaelmazor,6/28/2019 23:53,raphaelmazor,,aquaticinvertebratesdata_4
121,,,,Abedus,2,,,,{C4B26978-8955-4CB6-8D75-80412FBE9D97},6/28/2019 23:53,raphaelmazor,6/28/2019 23:53,raphaelmazor,,aquaticinvertebratesdata_4
122,,,,Isoperla denningi,1,,,ID from ABL. Field ID was incorrect (Perlidae),{C4B26978-8955-4CB6-8D75-80412FBE9D97},6/28/2019 23:53,raphaelmazor,7/24/2019 21:15,raphaelmazor,,aquaticinvertebratesdata_4
123,,,,,0,,,,{7852F5B8-CC32-4CF1-8CD5-7571BCE472F8},7/1/2019 17:00,raphaelmazor,7/1/2019 17:00,raphaelmazor,,aquaticinvertebratesdata_4
124,,,,Amphipoda,10,,,Greater than 10,{A5C2D30D-6800-49D8-AA65-686E826F6D9E},7/6/2019 1:15,,7/6/2019 1:15,,,aquaticinvertebratesdata_4
125,,,,Diptera,10,,,Greater than 10. Sample taken,{A5C2D30D-6800-49D8-AA65-686E826F6D9E},7/6/2019 1:15,,7/6/2019 1:15,,,aquaticinvertebratesdata_4
126,,,,Baetidae,10,,mayfly,Greater than 10,{A5C2D30D-6800-49D8-AA65-686E826F6D9E},7/6/2019 1:15,,7/6/2019 1:15,,,aquaticinvertebratesdata_4
127,,,,Limnephilidae,5,,,,{D8F05F1B-69EB-4422-B537-BA81DAA58ABE},7/6/2019 1:16,,7/6/2019 1:16,,,aquaticinvertebratesdata_4
128,,,,Hydropsychidae,10,,perennialindicator,,{D8F05F1B-69EB-4422-B537-BA81DAA58ABE},7/6/2019 1:16,,7/6/2019 1:16,,,aquaticinvertebratesdata_4
129,,,,Belostomatidae,10,,,,{D8F05F1B-69EB-4422-B537-BA81DAA58ABE},7/6/2019 1:16,,7/6/2019 1:16,,,aquaticinvertebratesdata_4
130,,,,Naucoridae,2,,,,{D8F05F1B-69EB-4422-B537-BA81DAA58ABE},7/6/2019 1:16,,7/6/2019 1:16,,,aquaticinvertebratesdata_4
131,,,,Leach,1,,,,{D8F05F1B-69EB-4422-B537-BA81DAA58ABE},7/6/2019 1:16,,7/6/2019 1:16,,,aquaticinvertebratesdata_4
132,,,,Elmidae,5,,,Adult,{D8F05F1B-69EB-4422-B537-BA81DAA58ABE},7/6/2019 1:16,,7/6/2019 1:16,,,aquaticinvertebratesdata_4
133,,,,Psephenidae,2,,,Sample taken,{D8F05F1B-69EB-4422-B537-BA81DAA58ABE},7/6/2019 1:16,,7/6/2019 1:16,,,aquaticinvertebratesdata_4
134,,,,Philopotamidae,3,,,Sample taken,{D8F05F1B-69EB-4422-B537-BA81DAA58ABE},7/6/2019 1:16,,7/6/2019 1:16,,,aquaticinvertebratesdata_4
135,,,,Baetidae,10,,mayfly,Greater than 10,{D8F05F1B-69EB-4422-B537-BA81DAA58ABE},7/6/2019 1:16,,7/6/2019 1:16,,,aquaticinvertebratesdata_4
136,,,,Lestidae,6,,,,{D8F05F1B-69EB-4422-B537-BA81DAA58ABE},7/6/2019 1:16,,7/6/2019 1:16,,,aquaticinvertebratesdata_4
137,,,,Glossosomatidae,3,,perennialindicator,Sample taken,{D8F05F1B-69EB-4422-B537-BA81DAA58ABE},7/6/2019 1:16,,7/6/2019 1:16,,,aquaticinvertebratesdata_4
138,,,,Corixidae,3,,,,{D8F05F1B-69EB-4422-B537-BA81DAA58ABE},7/6/2019 1:16,,7/6/2019 1:16,,,aquaticinvertebratesdata_4
139,,,,Amphipoda,10,,,Greater than 10,{D8F05F1B-69EB-4422-B537-BA81DAA58ABE},7/6/2019 1:16,,7/6/2019 1:16,,,aquaticinvertebratesdata_4
140,,,,Dytiscidae,10,,,"Greater than 10, sample taken",{D8F05F1B-69EB-4422-B537-BA81DAA58ABE},7/6/2019 1:16,,7/6/2019 1:16,,,aquaticinvertebratesdata_4
141,,,,Cullicidae,10,,,Greater than 10,{D8F05F1B-69EB-4422-B537-BA81DAA58ABE},7/6/2019 1:16,,7/6/2019 1:16,,,aquaticinvertebratesdata_4
142,,,,Coenagrionidae,3,,,,{D8F05F1B-69EB-4422-B537-BA81DAA58ABE},7/6/2019 1:16,,7/6/2019 1:16,,,aquaticinvertebratesdata_4
143,,,,Tipulidae,1,,,,{D8F05F1B-69EB-4422-B537-BA81DAA58ABE},7/6/2019 1:16,,7/6/2019 1:16,,,aquaticinvertebratesdata_4
144,,,,Trichoptera,1,,,,{D8F05F1B-69EB-4422-B537-BA81DAA58ABE},7/6/2019 1:16,,7/6/2019 1:16,,,aquaticinvertebratesdata_4
145,,,,Helicopsycidae,0,,,,{D8F05F1B-69EB-4422-B537-BA81DAA58ABE},7/6/2019 1:16,,7/6/2019 1:16,,,aquaticinvertebratesdata_4
146,,,,Snail,1,,,Sample taken,{D8F05F1B-69EB-4422-B537-BA81DAA58ABE},7/6/2019 1:16,,7/6/2019 1:16,,,aquaticinvertebratesdata_4
147,,,,Simuliidae,10,,,Greater than 10. Larvae and pupal cases,{F42C2ADE-0D3F-4420-8809-BB4CDB5D4AFA},7/6/2019 1:16,,7/6/2019 1:16,,,aquaticinvertebratesdata_4
148,,,,Caenidae,10,,mayfly,Greater than 10,{F42C2ADE-0D3F-4420-8809-BB4CDB5D4AFA},7/6/2019 1:16,,7/6/2019 1:16,,,aquaticinvertebratesdata_4
149,,,,Glossosomatidae,10,,perennialindicator,Greater than 10,{F42C2ADE-0D3F-4420-8809-BB4CDB5D4AFA},7/6/2019 1:16,,7/6/2019 1:16,,,aquaticinvertebratesdata_4
150,,,,Hydropsychidae,4,,,,{F42C2ADE-0D3F-4420-8809-BB4CDB5D4AFA},7/6/2019 1:16,,7/6/2019 1:16,,,aquaticinvertebratesdata_4
151,,,,Baetidae,10,,mayfly,Greater than 10,{F42C2ADE-0D3F-4420-8809-BB4CDB5D4AFA},7/6/2019 1:16,,7/6/2019 1:16,,,aquaticinvertebratesdata_4
152,,,,Chironomidae,5,,,,{F42C2ADE-0D3F-4420-8809-BB4CDB5D4AFA},7/6/2019 1:16,,7/6/2019 1:16,,,aquaticinvertebratesdata_4
153,,,,Psephidae,3,,,,{F42C2ADE-0D3F-4420-8809-BB4CDB5D4AFA},7/6/2019 1:16,,7/6/2019 1:16,,,aquaticinvertebratesdata_4
154,,,,Trichoptera,1,,,,{F42C2ADE-0D3F-4420-8809-BB4CDB5D4AFA},7/6/2019 1:16,,7/6/2019 1:16,,,aquaticinvertebratesdata_4
155,,,,Taberidae,2,,,,{F42C2ADE-0D3F-4420-8809-BB4CDB5D4AFA},7/6/2019 1:16,,7/6/2019 1:16,,,aquaticinvertebratesdata_4
156,,,,Coenagrionidae,1,,,,{F42C2ADE-0D3F-4420-8809-BB4CDB5D4AFA},7/6/2019 1:16,,7/6/2019 1:16,,,aquaticinvertebratesdata_4
157,,,,Aeshnidae,1,,deadmaterial,,{F42C2ADE-0D3F-4420-8809-BB4CDB5D4AFA},7/6/2019 1:16,,7/6/2019 1:16,,,aquaticinvertebratesdata_4
158,,,,Corduligastridae,2,,deadmaterial,,{F42C2ADE-0D3F-4420-8809-BB4CDB5D4AFA},7/6/2019 1:16,,7/6/2019 1:16,,,aquaticinvertebratesdata_4
159,,,,Helicopsychidae,10,,,Greater than 10,{F42C2ADE-0D3F-4420-8809-BB4CDB5D4AFA},7/6/2019 1:16,,7/6/2019 1:16,,,aquaticinvertebratesdata_4
160,,,,Dytiscidae,10,,,Greater than 10,{38CCB345-A4FC-4D78-B601-FCFD4D878355},7/6/2019 1:17,,7/6/2019 1:17,,,aquaticinvertebratesdata_4
161,,,,Amphipoda,10,,,Greater than 10,{38CCB345-A4FC-4D78-B601-FCFD4D878355},7/6/2019 1:17,,7/6/2019 1:17,,,aquaticinvertebratesdata_4
162,,,,Veliidae,10,,,Greater than 10. Observed not captured,{38CCB345-A4FC-4D78-B601-FCFD4D878355},7/6/2019 1:17,,7/6/2019 1:17,,,aquaticinvertebratesdata_4
163,,,,Oligochete,10,,,Greater than 10,{38CCB345-A4FC-4D78-B601-FCFD4D878355},7/6/2019 1:17,,7/6/2019 1:17,,,aquaticinvertebratesdata_4
164,,,,Aeshnidae,2,,,,{ACC41397-C6A2-48D0-9B32-E583338E14D8},7/6/2019 1:17,,7/6/2019 1:17,,,aquaticinvertebratesdata_4
165,,,,Heptegeniidae,4,,mayfly,,{ACC41397-C6A2-48D0-9B32-E583338E14D8},7/6/2019 1:17,,7/6/2019 1:17,,,aquaticinvertebratesdata_4
166,,,,Pelodidae,2,,,,{ACC41397-C6A2-48D0-9B32-E583338E14D8},7/6/2019 1:17,,7/6/2019 1:17,,,aquaticinvertebratesdata_4
167,,,,Simuliidae,10,,,Greater than 10,{ACC41397-C6A2-48D0-9B32-E583338E14D8},7/6/2019 1:17,,7/6/2019 1:17,,,aquaticinvertebratesdata_4
168,,,,Dytiscidae,1,,,,{ACC41397-C6A2-48D0-9B32-E583338E14D8},7/6/2019 1:17,,7/6/2019 1:17,,,aquaticinvertebratesdata_4
169,,,,Philopotemidae,10,,,Greater than 10. Small. Sample taken,{ACC41397-C6A2-48D0-9B32-E583338E14D8},7/6/2019 1:17,,7/6/2019 1:17,,,aquaticinvertebratesdata_4
170,,,,Hydropsychidae,5,,perennialindicator,,{ACC41397-C6A2-48D0-9B32-E583338E14D8},7/6/2019 1:17,,7/6/2019 1:17,,,aquaticinvertebratesdata_4
171,,,,Glossosomelidae,1,,perennialindicator,,{ACC41397-C6A2-48D0-9B32-E583338E14D8},7/6/2019 1:17,,7/6/2019 1:17,,,aquaticinvertebratesdata_4
172,,,,Leptophlebiidae,10,,mayfly,,{ACC41397-C6A2-48D0-9B32-E583338E14D8},7/6/2019 1:17,,7/6/2019 1:17,,,aquaticinvertebratesdata_4
173,,,,Baetidae,10,,mayfly,Sample taken,{ACC41397-C6A2-48D0-9B32-E583338E14D8},7/6/2019 1:17,,7/6/2019 1:17,,,aquaticinvertebratesdata_4
174,,,,Psephenidae,1,,perennialindicator,,{ACC41397-C6A2-48D0-9B32-E583338E14D8},7/6/2019 1:17,,7/6/2019 1:17,,,aquaticinvertebratesdata_4
175,,,,Helicopsychidae,10,,deadmaterial,Greater than 10. Cases on rocks,{16A2BF63-459F-4190-B074-839519FC5800},7/6/2019 1:17,,7/6/2019 1:17,,,aquaticinvertebratesdata_4
176,,,,Simuliidae,10,,deadmaterial,Cases,{16A2BF63-459F-4190-B074-839519FC5800},7/6/2019 1:17,,7/6/2019 1:17,,,aquaticinvertebratesdata_4
177,,,,Cullicidae,2,,deadmaterial,Dead pupal,{16A2BF63-459F-4190-B074-839519FC5800},7/6/2019 1:17,,7/6/2019 1:17,,,aquaticinvertebratesdata_4
178,,,,Corixidae,1,,,,{F9492B54-06C5-4B27-9242-4E66505D7A9D},7/6/2019 1:17,,7/6/2019 1:17,,,aquaticinvertebratesdata_4
179,,,,Dytiscidae,10,,,2 spp,{F9492B54-06C5-4B27-9242-4E66505D7A9D},7/6/2019 1:17,,7/6/2019 1:17,,,aquaticinvertebratesdata_4
180,,,,Chironomidae,10,,,,{F9492B54-06C5-4B27-9242-4E66505D7A9D},7/6/2019 1:17,,7/6/2019 1:17,,,aquaticinvertebratesdata_4
181,,,,Daphnia,10,,,,{F9492B54-06C5-4B27-9242-4E66505D7A9D},7/6/2019 1:17,,7/6/2019 1:17,,,aquaticinvertebratesdata_4
182,,,,Baetidae,10,,mayfly,,{F9492B54-06C5-4B27-9242-4E66505D7A9D},7/6/2019 1:17,,7/6/2019 1:17,,,aquaticinvertebratesdata_4
183,,,,Gomphidae,2,,perennialindicator,Sample taken,{638C1F3D-DD42-475B-8935-BD3B38D1E20B},7/6/2019 17:19,,7/6/2019 17:19,,,aquaticinvertebratesdata_4
184,,,,Nauchoridae,3,,,,{638C1F3D-DD42-475B-8935-BD3B38D1E20B},7/6/2019 17:19,,7/6/2019 17:19,,,aquaticinvertebratesdata_4
185,,,,Dytiscidae,10,,,Greater than 10. 3 species,{638C1F3D-DD42-475B-8935-BD3B38D1E20B},7/6/2019 17:19,,7/6/2019 17:19,,,aquaticinvertebratesdata_4
186,,,,Snail,10,,,Greater than 10. Sample taken,{638C1F3D-DD42-475B-8935-BD3B38D1E20B},7/6/2019 17:19,,7/6/2019 17:19,,,aquaticinvertebratesdata_4
187,,,,Siphlonuridae,3,,,Sample taken,{638C1F3D-DD42-475B-8935-BD3B38D1E20B},7/6/2019 17:19,,7/6/2019 17:19,,,aquaticinvertebratesdata_4
188,,,,Hydrophilidae,1,,,,{638C1F3D-DD42-475B-8935-BD3B38D1E20B},7/6/2019 17:19,,7/6/2019 17:19,,,aquaticinvertebratesdata_4
189,,,,Hydropsychidae,10,,perennialindicator,Greater than 10,{93DF0C9C-E1FC-47C6-9F1A-C3504D12778F},7/8/2019 1:56,,7/8/2019 1:56,,,aquaticinvertebratesdata_4
190,,,,Baetidae,10,,mayfly,Greater than 10,{93DF0C9C-E1FC-47C6-9F1A-C3504D12778F},7/8/2019 1:56,,7/8/2019 1:56,,,aquaticinvertebratesdata_4
191,,,,Leptophlebiidae,10,,mayfly,Greater than 10,{93DF0C9C-E1FC-47C6-9F1A-C3504D12778F},7/8/2019 1:56,,7/8/2019 1:56,,,aquaticinvertebratesdata_4
192,,,,Amphipoda,10,,,,{93DF0C9C-E1FC-47C6-9F1A-C3504D12778F},7/8/2019 1:56,,7/8/2019 1:56,,,aquaticinvertebratesdata_4
193,,,,Tabanidae,1,,,,{93DF0C9C-E1FC-47C6-9F1A-C3504D12778F},7/8/2019 1:56,,7/8/2019 1:56,,,aquaticinvertebratesdata_4
194,,,,Baetidae,10,,mayfly,Greater than 10,{C0854C17-4C53-4B78-B64B-92EEC9143492},7/8/2019 18:10,,7/8/2019 18:10,,,aquaticinvertebratesdata_4
195,,,,Dytiscidae,6,,,2 species,{C0854C17-4C53-4B78-B64B-92EEC9143492},7/8/2019 18:10,,7/8/2019 18:10,,,aquaticinvertebratesdata_4
196,,,,Corixidae,10,,,Greater than 10,{C0854C17-4C53-4B78-B64B-92EEC9143492},7/8/2019 18:10,,7/8/2019 18:10,,,aquaticinvertebratesdata_4
197,,,,Leptohyphidae,10,,mayfly,Greater than 10,{C0854C17-4C53-4B78-B64B-92EEC9143492},7/8/2019 18:10,,7/8/2019 18:10,,,aquaticinvertebratesdata_4
198,,,,Amphipoda,10,,,Greater than 10,{C0854C17-4C53-4B78-B64B-92EEC9143492},7/8/2019 18:10,,7/8/2019 18:10,,,aquaticinvertebratesdata_4
199,,,,Coenegrionidae,2,,,,{C0854C17-4C53-4B78-B64B-92EEC9143492},7/8/2019 18:10,,7/8/2019 18:10,,,aquaticinvertebratesdata_4
200,,,,Chironomidae,10,,,Greater than 10,{C0854C17-4C53-4B78-B64B-92EEC9143492},7/8/2019 18:10,,7/8/2019 18:10,,,aquaticinvertebratesdata_4
201,,,,Snail/limpet?,1,,,Sample taken,{C0854C17-4C53-4B78-B64B-92EEC9143492},7/8/2019 18:10,,7/8/2019 18:10,,,aquaticinvertebratesdata_4
202,,,,Fallceon,1,,mayfly, Scarce in sample. ID from ABL.,{EAB8CCC1-9C7E-4D8B-88D0-3B7CD0ED4508},7/8/2019 18:28,raphaelmazor,7/24/2019 21:16,raphaelmazor,,aquaticinvertebratesdata_4
203,,,,Hydropsyche occidentalis,5,,perennialindicator,ID from ABL. Field ID was incorrect (Rhyacophilidae),{EAB8CCC1-9C7E-4D8B-88D0-3B7CD0ED4508},7/8/2019 18:28,raphaelmazor,7/24/2019 21:16,raphaelmazor,,aquaticinvertebratesdata_4
204,,,,Thinemannimyia group,1,,,ID from ABL,{EAB8CCC1-9C7E-4D8B-88D0-3B7CD0ED4508},7/8/2019 18:28,raphaelmazor,7/24/2019 21:17,raphaelmazor,,aquaticinvertebratesdata_4
205,,,,Hyalella,10,,, The most abundant organism found in sample. ID from ABL.,{EAB8CCC1-9C7E-4D8B-88D0-3B7CD0ED4508},7/8/2019 18:28,raphaelmazor,7/24/2019 21:17,raphaelmazor,,aquaticinvertebratesdata_4
206,,,,Fallceon and Baetis adonis,10,,mayfly,ID from ABL,{FAA94E34-F280-4F31-8B6B-D326A4D36F9A},7/8/2019 19:11,raphaelmazor,7/24/2019 21:27,raphaelmazor,,aquaticinvertebratesdata_4
207,,,,Tricorythodes,10,,mayfly,ID from ABL,{FAA94E34-F280-4F31-8B6B-D326A4D36F9A},7/8/2019 19:11,raphaelmazor,7/24/2019 21:27,raphaelmazor,,aquaticinvertebratesdata_4
208,,,,Neohermes,2,,perennialindicator,ID from ABL,{FAA94E34-F280-4F31-8B6B-D326A4D36F9A},7/8/2019 19:11,raphaelmazor,7/24/2019 21:27,raphaelmazor,,aquaticinvertebratesdata_4
209,,,,Paltothemis lineatipes,1,,,ID from ABL. Field ID was incorrect (Gomphidae),{FAA94E34-F280-4F31-8B6B-D326A4D36F9A},7/8/2019 19:11,raphaelmazor,7/24/2019 21:26,raphaelmazor,,aquaticinvertebratesdata_4
210,,,,Hydropsyche occidentalis,10,,perennialindicator,ID from ABL,{FAA94E34-F280-4F31-8B6B-D326A4D36F9A},7/8/2019 19:11,raphaelmazor,7/24/2019 21:28,raphaelmazor,,aquaticinvertebratesdata_4
211,,,,Simulium,10,,,ID from ABL,{FAA94E34-F280-4F31-8B6B-D326A4D36F9A},7/8/2019 19:11,raphaelmazor,7/24/2019 21:28,raphaelmazor,,aquaticinvertebratesdata_4
212,,,,Chironomidae,10,,,,{FAA94E34-F280-4F31-8B6B-D326A4D36F9A},7/8/2019 19:11,raphaelmazor,7/8/2019 19:11,raphaelmazor,,aquaticinvertebratesdata_4
213,,,,Physa,10,,,ID from ABL,{A99257B7-E6DA-4646-8E0C-DDE2B7D803DE},7/8/2019 19:30,raphaelmazor,7/24/2019 21:22,raphaelmazor,,aquaticinvertebratesdata_4
214,,,,Argia,1,,,ID from ABL,{A99257B7-E6DA-4646-8E0C-DDE2B7D803DE},7/8/2019 19:30,raphaelmazor,7/24/2019 21:25,raphaelmazor,,aquaticinvertebratesdata_4
215,,,,Fallceon and Baetis adonis and Tricorythodes,10,,mayfly,ID from ABL,{A99257B7-E6DA-4646-8E0C-DDE2B7D803DE},7/8/2019 19:30,raphaelmazor,7/24/2019 21:23,raphaelmazor,,aquaticinvertebratesdata_4
216,,,,Simulium,10,,,ID from ABL,{A99257B7-E6DA-4646-8E0C-DDE2B7D803DE},7/8/2019 19:30,raphaelmazor,7/24/2019 21:24,raphaelmazor,,aquaticinvertebratesdata_4
217,,,,Dugesia,10,,,,{A99257B7-E6DA-4646-8E0C-DDE2B7D803DE},7/8/2019 19:30,raphaelmazor,7/8/2019 19:30,raphaelmazor,,aquaticinvertebratesdata_4
218,,,,Hyalella,2,,,ID from ABL,{A99257B7-E6DA-4646-8E0C-DDE2B7D803DE},7/8/2019 19:30,raphaelmazor,7/24/2019 21:25,raphaelmazor,,aquaticinvertebratesdata_4
219,,,,Potamopyrgus antipodarum,2,,, Found close to bridge in a single pool. Confirmed by ABL,{A99257B7-E6DA-4646-8E0C-DDE2B7D803DE},7/8/2019 19:30,raphaelmazor,7/24/2019 21:25,raphaelmazor,,aquaticinvertebratesdata_4
220,,,,Physa,10,,,ID from ABL,{DA66138F-F86E-4FCD-8E03-8F78C8042F5C},7/8/2019 19:51,raphaelmazor,7/24/2019 21:18,raphaelmazor,,aquaticinvertebratesdata_4
221,,,,Corixidae,10,,,ID from ABL,{DA66138F-F86E-4FCD-8E03-8F78C8042F5C},7/8/2019 19:51,raphaelmazor,7/24/2019 21:21,raphaelmazor,,aquaticinvertebratesdata_4
222,,,,Fallceon and Baetis adonis,10,,mayfly,ID from ABL,{DA66138F-F86E-4FCD-8E03-8F78C8042F5C},7/8/2019 19:51,raphaelmazor,7/24/2019 21:20,raphaelmazor,,aquaticinvertebratesdata_4
223,,,,Cheumatopsyche,3,,perennialindicator, Only in cascade area. ID from ABL,{DA66138F-F86E-4FCD-8E03-8F78C8042F5C},7/8/2019 19:51,raphaelmazor,7/24/2019 21:22,raphaelmazor,,aquaticinvertebratesdata_4
224,,,,Hydrobiidae,1,,perennialindicator,"ABL confirms family, but cannot confirm if it was NZMS",{DA66138F-F86E-4FCD-8E03-8F78C8042F5C},7/8/2019 19:51,raphaelmazor,7/24/2019 21:19,raphaelmazor,,aquaticinvertebratesdata_4
225,,,,Hyalella,10,,,ID from ABL,{DA66138F-F86E-4FCD-8E03-8F78C8042F5C},7/8/2019 19:51,raphaelmazor,7/24/2019 21:20,raphaelmazor,,aquaticinvertebratesdata_4
226,,,,Chironomidae,1,,,,{DA66138F-F86E-4FCD-8E03-8F78C8042F5C},7/8/2019 19:51,raphaelmazor,7/8/2019 19:51,raphaelmazor,,aquaticinvertebratesdata_4
227,,,,Tropisternus,1,,,ID from ABL. Field ID incorrect (Dytiscidae),{DA66138F-F86E-4FCD-8E03-8F78C8042F5C},7/8/2019 19:51,raphaelmazor,7/24/2019 21:22,raphaelmazor,,aquaticinvertebratesdata_4
228,,,,Corbicula,1,,deadmaterial, Just one shell,{DA66138F-F86E-4FCD-8E03-8F78C8042F5C},7/8/2019 19:51,raphaelmazor,7/8/2019 19:51,raphaelmazor,,aquaticinvertebratesdata_4
229,,,,Argia,1,,,ID from ABL,{DA66138F-F86E-4FCD-8E03-8F78C8042F5C},7/8/2019 19:51,raphaelmazor,7/24/2019 21:21,raphaelmazor,,aquaticinvertebratesdata_4
230,,,,Paltothemis lineatipes,2,,,ID from ABL,{DA66138F-F86E-4FCD-8E03-8F78C8042F5C},7/8/2019 19:51,raphaelmazor,7/24/2019 21:18,raphaelmazor,,aquaticinvertebratesdata_4
231,,,,Dugesia,5,,,,{DA66138F-F86E-4FCD-8E03-8F78C8042F5C},7/8/2019 19:51,raphaelmazor,7/8/2019 19:51,raphaelmazor,,aquaticinvertebratesdata_4
232,,,,Sperchon,1,,,ID from ABL,{DA66138F-F86E-4FCD-8E03-8F78C8042F5C},7/8/2019 19:51,raphaelmazor,7/24/2019 21:19,raphaelmazor,,aquaticinvertebratesdata_4
233,,,,Erpobdellidae,1,,,ID from ABL,{DA66138F-F86E-4FCD-8E03-8F78C8042F5C},7/8/2019 19:51,raphaelmazor,7/24/2019 21:20,raphaelmazor,,aquaticinvertebratesdata_4
234,,,,Perlidae,1,,perennialindicator,,{1BA3F45E-FE23-4123-939C-D0270B57CAA7},7/16/2019 17:27,,7/16/2019 17:27,,,aquaticinvertebratesdata_4
235,,,,Elmidae,4,,,Adult,{1BA3F45E-FE23-4123-939C-D0270B57CAA7},7/16/2019 17:27,,7/16/2019 17:27,,,aquaticinvertebratesdata_4
236,,,,Hydropsychidae,10,,perennialindicator,Greater than 10,{1BA3F45E-FE23-4123-939C-D0270B57CAA7},7/16/2019 17:27,,7/16/2019 17:27,,,aquaticinvertebratesdata_4
237,,,,Baetidae,10,,mayfly,Greater than 10,{1BA3F45E-FE23-4123-939C-D0270B57CAA7},7/16/2019 17:27,,7/16/2019 17:27,,,aquaticinvertebratesdata_4
238,,,,Heptageniidae,5,,mayfly,,{1BA3F45E-FE23-4123-939C-D0270B57CAA7},7/16/2019 17:27,,7/16/2019 17:27,,,aquaticinvertebratesdata_4
239,,,,Ameletidae,2,,mayfly,,{1BA3F45E-FE23-4123-939C-D0270B57CAA7},7/16/2019 17:27,,7/16/2019 17:27,,,aquaticinvertebratesdata_4
240,,,,Nemouridae,10,,,Greater than 10. Sample taken,{1BA3F45E-FE23-4123-939C-D0270B57CAA7},7/16/2019 17:27,,7/16/2019 17:27,,,aquaticinvertebratesdata_4
241,,,,Simuliidae,10,,,Greater than 10,{1BA3F45E-FE23-4123-939C-D0270B57CAA7},7/16/2019 17:27,,7/16/2019 17:27,,,aquaticinvertebratesdata_4
242,,,,Brachycentridae,10,,,Greater than 10. Sample taken,{1BA3F45E-FE23-4123-939C-D0270B57CAA7},7/16/2019 17:27,,7/16/2019 17:27,,,aquaticinvertebratesdata_4
243,,,,Limnophilidae,10,,,Greater than 10. Sample taken,{1BA3F45E-FE23-4123-939C-D0270B57CAA7},7/16/2019 17:27,,7/16/2019 17:27,,,aquaticinvertebratesdata_4
244,,,,Fingernail clam,1,,"perennialindicator,deadmaterial",Sample taken,{1BA3F45E-FE23-4123-939C-D0270B57CAA7},7/16/2019 17:27,,7/16/2019 17:27,,,aquaticinvertebratesdata_4
245,,,,Chironomidae,1,,,Sample taken,{1BA3F45E-FE23-4123-939C-D0270B57CAA7},7/16/2019 17:27,,7/16/2019 17:27,,,aquaticinvertebratesdata_4
246,,,,Hydropsychidae,10,,perennialindicator,Greater than 10,{C0DF2B51-89FB-40EB-8EB0-423FC8515F03},7/16/2019 17:27,,7/16/2019 17:27,,,aquaticinvertebratesdata_4
247,,,,Simuliidae,10,,,Greater than 10,{C0DF2B51-89FB-40EB-8EB0-423FC8515F03},7/16/2019 17:27,,7/16/2019 17:27,,,aquaticinvertebratesdata_4
248,,,,Baetidae,10,,mayfly,Greater than 10,{C0DF2B51-89FB-40EB-8EB0-423FC8515F03},7/16/2019 17:27,,7/16/2019 17:27,,,aquaticinvertebratesdata_4
249,,,,Amphipoda,10,,,Greater than 10,{C0DF2B51-89FB-40EB-8EB0-423FC8515F03},7/16/2019 17:27,,7/16/2019 17:27,,,aquaticinvertebratesdata_4
250,,,,Lepidostomatidae,5,,,Samplw taken,{C0DF2B51-89FB-40EB-8EB0-423FC8515F03},7/16/2019 17:27,,7/16/2019 17:27,,,aquaticinvertebratesdata_4
251,,,,Diptera,1,,,Sample taken,{C0DF2B51-89FB-40EB-8EB0-423FC8515F03},7/16/2019 17:27,,7/16/2019 17:27,,,aquaticinvertebratesdata_4
252,,,,Platyhelminthes,1,,,Sample taken,{C0DF2B51-89FB-40EB-8EB0-423FC8515F03},7/16/2019 17:27,,7/16/2019 17:27,,,aquaticinvertebratesdata_4
253,,,,Glossosomatidae,5,,perennialindicator,Sample taken,{C0DF2B51-89FB-40EB-8EB0-423FC8515F03},7/16/2019 17:27,,7/16/2019 17:27,,,aquaticinvertebratesdata_4
254,,,,Glossosomatidae,1,,"perennialindicator,deadmaterial",Dried pupa in case. Sample taken,{6F2784B1-7685-4527-A746-547CF66EB752},7/16/2019 17:27,,7/16/2019 17:27,,,aquaticinvertebratesdata_4
255,,,,Amphipoda,10,,,Greater than 10,{130AFE10-6B06-4AD8-BA68-6D8FF4A6B0CF},7/16/2019 17:28,,7/16/2019 17:28,,,aquaticinvertebratesdata_4
256,,,,Coenegrionidae,10,,,Greater than 10. Sample taken,{130AFE10-6B06-4AD8-BA68-6D8FF4A6B0CF},7/16/2019 17:28,,7/16/2019 17:28,,,aquaticinvertebratesdata_4
257,,,,Caenidae,10,,mayfly,Greater than 10,{130AFE10-6B06-4AD8-BA68-6D8FF4A6B0CF},7/16/2019 17:28,,7/16/2019 17:28,,,aquaticinvertebratesdata_4
258,,,,Corixidae,5,,,,{130AFE10-6B06-4AD8-BA68-6D8FF4A6B0CF},7/16/2019 17:28,,7/16/2019 17:28,,,aquaticinvertebratesdata_4
259,,,,Elmidae,3,,,Adult,{130AFE10-6B06-4AD8-BA68-6D8FF4A6B0CF},7/16/2019 17:28,,7/16/2019 17:28,,,aquaticinvertebratesdata_4
260,,,,Psephenidae,10,,,Greater than 10. Adult. sample taken,{130AFE10-6B06-4AD8-BA68-6D8FF4A6B0CF},7/16/2019 17:28,,7/16/2019 17:28,,,aquaticinvertebratesdata_4
261,,,,Dytiscidae,4,,,,{130AFE10-6B06-4AD8-BA68-6D8FF4A6B0CF},7/16/2019 17:28,,7/16/2019 17:28,,,aquaticinvertebratesdata_4
262,,,,Acariformes,10,,,Greater than 10,{130AFE10-6B06-4AD8-BA68-6D8FF4A6B0CF},7/16/2019 17:28,,7/16/2019 17:28,,,aquaticinvertebratesdata_4
263,,,,Snail,1,,,Sample taken,{130AFE10-6B06-4AD8-BA68-6D8FF4A6B0CF},7/16/2019 17:28,,7/16/2019 17:28,,,aquaticinvertebratesdata_4
264,,,,Baetidae,10,,mayfly,Greater than 10,{F8F18945-C66F-4FCF-AAB3-B2D5846A783D},7/16/2019 17:28,,7/16/2019 17:28,,,aquaticinvertebratesdata_4
265,,,,Naucoridae,3,,,,{66A99E83-59FC-47A8-8251-E09C32A482AE},7/23/2019 2:31,,7/23/2019 2:31,,,aquaticinvertebratesdata_4
266,,,,Hydropsychidae,10,,perennialindicator,Greater than 10,{66A99E83-59FC-47A8-8251-E09C32A482AE},7/23/2019 2:31,,7/23/2019 2:31,,,aquaticinvertebratesdata_4
267,,,,Elmidae,5,,,Adult,{66A99E83-59FC-47A8-8251-E09C32A482AE},7/23/2019 2:31,,7/23/2019 2:31,,,aquaticinvertebratesdata_4
268,,,,Platyhelminthes,2,,,,{66A99E83-59FC-47A8-8251-E09C32A482AE},7/23/2019 2:31,,7/23/2019 2:31,,,aquaticinvertebratesdata_4
269,,,,Simuliidae,10,,,Greater than 10,{66A99E83-59FC-47A8-8251-E09C32A482AE},7/23/2019 2:31,,7/23/2019 2:31,,,aquaticinvertebratesdata_4
270,,,,Chironomidae,10,,,Greater than 10,{66A99E83-59FC-47A8-8251-E09C32A482AE},7/23/2019 2:31,,7/23/2019 2:31,,,aquaticinvertebratesdata_4
271,,,,Philopotamidae,4,,perennialindicator,,{66A99E83-59FC-47A8-8251-E09C32A482AE},7/23/2019 2:31,,7/23/2019 2:31,,,aquaticinvertebratesdata_4
272,,,,Heptageniidae,5,,mayfly,,{66A99E83-59FC-47A8-8251-E09C32A482AE},7/23/2019 2:31,,7/23/2019 2:31,,,aquaticinvertebratesdata_4
273,,,,Baetidae,10,,mayfly,Greater than 10,{66A99E83-59FC-47A8-8251-E09C32A482AE},7/23/2019 2:31,,7/23/2019 2:31,,,aquaticinvertebratesdata_4
274,,,,Leptohyphidae,10,,mayfly,Greater than 10,{66A99E83-59FC-47A8-8251-E09C32A482AE},7/23/2019 2:31,,7/23/2019 2:31,,,aquaticinvertebratesdata_4
275,,,,Tabanidae,1,,,,{66A99E83-59FC-47A8-8251-E09C32A482AE},7/23/2019 2:31,,7/23/2019 2:31,,,aquaticinvertebratesdata_4
276,,,,Oligochaete,3,,,,{4CC21818-81BA-42D2-B873-FA822B1F1CD7},7/23/2019 2:31,,7/23/2019 2:31,,,aquaticinvertebratesdata_4
277,,,,Chironomidae,5,,,,{4CC21818-81BA-42D2-B873-FA822B1F1CD7},7/23/2019 2:31,,7/23/2019 2:31,,,aquaticinvertebratesdata_4
278,,,,Dytiscidae,10,,,Greater than 10,{4CC21818-81BA-42D2-B873-FA822B1F1CD7},7/23/2019 2:31,,7/23/2019 2:31,,,aquaticinvertebratesdata_4
279,,,,Hydrophilidae,1,,,Observed 4,{4CC21818-81BA-42D2-B873-FA822B1F1CD7},7/23/2019 2:31,,7/23/2019 2:31,,,aquaticinvertebratesdata_4
280,,,,Chironomidae,5,,,,{CAEAEA08-DB66-4CF7-BF02-1729A79BFDBD},7/23/2019 2:31,,7/23/2019 2:31,,,aquaticinvertebratesdata_4
281,,,,Simuliidae,10,,deadmaterial,Greater than 10. Pupal cases observed,{CAEAEA08-DB66-4CF7-BF02-1729A79BFDBD},7/23/2019 2:31,,7/23/2019 2:31,,,aquaticinvertebratesdata_4
282,,,,Corixidae,1,,,Observed not captured,{CAEAEA08-DB66-4CF7-BF02-1729A79BFDBD},7/23/2019 2:31,,7/23/2019 2:31,,,aquaticinvertebratesdata_4
283,,,,Hydrophilidae,1,,,Observed not captured,{CAEAEA08-DB66-4CF7-BF02-1729A79BFDBD},7/23/2019 2:31,,7/23/2019 2:31,,,aquaticinvertebratesdata_4
284,,,,Garridae,10,,,Greater than 100. Observed not captured.,{28E46F31-8F9B-49B4-8914-8EA077B498D6},7/23/2019 2:32,,7/23/2019 2:32,,,aquaticinvertebratesdata_4
285,,,,Lestidae,3,,,,{28E46F31-8F9B-49B4-8914-8EA077B498D6},7/23/2019 2:32,,7/23/2019 2:32,,,aquaticinvertebratesdata_4
286,,,,Simuliidae,10,,,Greater than 10,{28E46F31-8F9B-49B4-8914-8EA077B498D6},7/23/2019 2:32,,7/23/2019 2:32,,,aquaticinvertebratesdata_4
287,,,,Leptohyphidae,10,,mayfly,Greater than 10,{28E46F31-8F9B-49B4-8914-8EA077B498D6},7/23/2019 2:32,,7/23/2019 2:32,,,aquaticinvertebratesdata_4
288,,,,Chironomidae,10,,,Greater than 10,{28E46F31-8F9B-49B4-8914-8EA077B498D6},7/23/2019 2:32,,7/23/2019 2:32,,,aquaticinvertebratesdata_4
289,,,,Baetidae,10,,mayfly,Greater than 10,{28E46F31-8F9B-49B4-8914-8EA077B498D6},7/23/2019 2:32,,7/23/2019 2:32,,,aquaticinvertebratesdata_4
290,,,,Snail,10,,,Greater than 10. Sample taken,{28E46F31-8F9B-49B4-8914-8EA077B498D6},7/23/2019 2:32,,7/23/2019 2:32,,,aquaticinvertebratesdata_4
291,,,,Siphlonuridae?,1,,mayfly,Sample taken,{28E46F31-8F9B-49B4-8914-8EA077B498D6},7/23/2019 2:32,,7/23/2019 2:32,,,aquaticinvertebratesdata_4
292,,,,Dytiscidae,1,,,Larvae,{28E46F31-8F9B-49B4-8914-8EA077B498D6},7/23/2019 2:32,,7/23/2019 2:32,,,aquaticinvertebratesdata_4
293,,,,Aeshniidae,1,,,,{28E46F31-8F9B-49B4-8914-8EA077B498D6},7/23/2019 2:32,,7/23/2019 2:32,,,aquaticinvertebratesdata_4
294,,,,Psenidae,6,,,Adult. Sample taken,{6D1C2361-5252-4E77-982B-99F5C5EED589},7/23/2019 2:32,,7/23/2019 2:32,,,aquaticinvertebratesdata_4
295,,,,Baetidae,10,,mayfly,Greater than 10,{6D1C2361-5252-4E77-982B-99F5C5EED589},7/23/2019 2:32,,7/23/2019 2:32,,,aquaticinvertebratesdata_4
296,,,,Tabanidae,1,,,,{6D1C2361-5252-4E77-982B-99F5C5EED589},7/23/2019 2:32,,7/23/2019 2:32,,,aquaticinvertebratesdata_4
297,,,,Hydrophilidae,10,,,1 captured. Greater than 10 observed. Genus tropisternus.,{6D1C2361-5252-4E77-982B-99F5C5EED589},7/23/2019 2:32,,7/23/2019 2:32,,,aquaticinvertebratesdata_4
298,,,,Corixidae,10,,,1 captured. Greater than 10 observed,{6D1C2361-5252-4E77-982B-99F5C5EED589},7/23/2019 2:32,,7/23/2019 2:32,,,aquaticinvertebratesdata_4
299,,,,Athericidae,1,,,,{6D1C2361-5252-4E77-982B-99F5C5EED589},7/23/2019 2:32,,7/23/2019 2:32,,,aquaticinvertebratesdata_4
300,,,,Trichoptera,10,,deadmaterial,Greater than 10. Cases only,{6D1C2361-5252-4E77-982B-99F5C5EED589},7/23/2019 2:32,,7/23/2019 2:32,,,aquaticinvertebratesdata_4
301,,,,Dytiscidae,5,,,,{6D1C2361-5252-4E77-982B-99F5C5EED589},7/23/2019 2:32,,7/23/2019 2:32,,,aquaticinvertebratesdata_4
302,,,,Simuliidae,10,,,Greater than 10. Observed only,{AA0C72D2-E75D-4F8C-9514-00C33CC5A0B1},7/25/2019 22:45,,7/25/2019 22:45,,,aquaticinvertebratesdata_4
303,,,,Glossosomatidae,10,,perennialindicator,Greater than 10. Observed only,{AA0C72D2-E75D-4F8C-9514-00C33CC5A0B1},7/25/2019 22:45,,7/25/2019 22:45,,,aquaticinvertebratesdata_4
304,,,,Baetidae,2,,mayfly,,{AA0C72D2-E75D-4F8C-9514-00C33CC5A0B1},7/25/2019 22:45,,7/25/2019 22:45,,,aquaticinvertebratesdata_4
305,,,,Brachycentridae,3,,,Lost sample,{AA0C72D2-E75D-4F8C-9514-00C33CC5A0B1},7/25/2019 22:45,,7/25/2019 22:45,,,aquaticinvertebratesdata_4
306,,,,Simuliidae,10,,,Greater than 10,{AD58B192-5A36-493C-8632-1EA74271890C},7/25/2019 22:46,,7/25/2019 22:46,,,aquaticinvertebratesdata_4
307,,,,Ameletidae,2,,mayfly,,{AD58B192-5A36-493C-8632-1EA74271890C},7/25/2019 22:46,,7/25/2019 22:46,,,aquaticinvertebratesdata_4
308,,,,Baetidae,10,,mayfly,Greater than 10,{AD58B192-5A36-493C-8632-1EA74271890C},7/25/2019 22:46,,7/25/2019 22:46,,,aquaticinvertebratesdata_4
309,,,,Dytiscidae,1,,,Larvae,{AD58B192-5A36-493C-8632-1EA74271890C},7/25/2019 22:46,,7/25/2019 22:46,,,aquaticinvertebratesdata_4
310,,,,Leptophlebiidae,5,,mayfly,,{AD58B192-5A36-493C-8632-1EA74271890C},7/25/2019 22:46,,7/25/2019 22:46,,,aquaticinvertebratesdata_4
311,,,,Glossosomatidae,10,,perennialindicator,Greater than 10. Sample taken,{AA875EDA-6E31-446F-8B0D-99710ED81B58},7/25/2019 22:46,,7/25/2019 22:46,,,aquaticinvertebratesdata_4
312,,,,Brachycentidae,10,,,Greater than 10. Sample taken,{AA875EDA-6E31-446F-8B0D-99710ED81B58},7/25/2019 22:46,,7/25/2019 22:46,,,aquaticinvertebratesdata_4
313,,,,Snail 1,10,,,Greater than 10. Sample taken,{AA875EDA-6E31-446F-8B0D-99710ED81B58},7/25/2019 22:46,,7/25/2019 22:46,,,aquaticinvertebratesdata_4
314,,,,Snail 2,10,,,Greater than 10. Sample taken,{AA875EDA-6E31-446F-8B0D-99710ED81B58},7/25/2019 22:46,,7/25/2019 22:46,,,aquaticinvertebratesdata_4
315,,,,Ephemerelidae,1,,mayfly,Sample taken,{AA875EDA-6E31-446F-8B0D-99710ED81B58},7/25/2019 22:46,,7/25/2019 22:46,,,aquaticinvertebratesdata_4
316,,,,Baetidae,10,,mayfly,Greater than 10,{AA875EDA-6E31-446F-8B0D-99710ED81B58},7/25/2019 22:46,,7/25/2019 22:46,,,aquaticinvertebratesdata_4
317,,,,Simuliidae,10,,,Greater than 10,{AA875EDA-6E31-446F-8B0D-99710ED81B58},7/25/2019 22:46,,7/25/2019 22:46,,,aquaticinvertebratesdata_4
318,,,,Elmidae,4,,,Adult. Sample taken,{AA875EDA-6E31-446F-8B0D-99710ED81B58},7/25/2019 22:46,,7/25/2019 22:46,,,aquaticinvertebratesdata_4
319,,,,Simuliidae,10,,,Greater than 10,{FA505B88-F615-4FDC-AFF4-FD98E32EE106},7/25/2019 22:47,,7/25/2019 22:47,,,aquaticinvertebratesdata_4
320,,,,Philopotamidae,3,,perennialindicator,,{FA505B88-F615-4FDC-AFF4-FD98E32EE106},7/25/2019 22:47,,7/25/2019 22:47,,,aquaticinvertebratesdata_4
321,,,,Hydropsychidae,2,,perennialindicator,,{FA505B88-F615-4FDC-AFF4-FD98E32EE106},7/25/2019 22:47,,7/25/2019 22:47,,,aquaticinvertebratesdata_4
322,,,,Heptageniidae,10,,mayfly,Greater than 10,{FA505B88-F615-4FDC-AFF4-FD98E32EE106},7/25/2019 22:47,,7/25/2019 22:47,,,aquaticinvertebratesdata_4
323,,,,Baetidae,10,,mayfly,Greater than 10,{FA505B88-F615-4FDC-AFF4-FD98E32EE106},7/25/2019 22:47,,7/25/2019 22:47,,,aquaticinvertebratesdata_4
324,,,,Glossosomatidae,10,,perennialindicator,Greater than 10,{FA505B88-F615-4FDC-AFF4-FD98E32EE106},7/25/2019 22:47,,7/25/2019 22:47,,,aquaticinvertebratesdata_4
325,,,,Limnephilidae/phryganeidae,1,,,Lost case prior to ID,{FA505B88-F615-4FDC-AFF4-FD98E32EE106},7/25/2019 22:47,,7/25/2019 22:47,,,aquaticinvertebratesdata_4
326,,,,Leptohyphidae,4,,mayfly,,{FA505B88-F615-4FDC-AFF4-FD98E32EE106},7/25/2019 22:47,,7/25/2019 22:47,,,aquaticinvertebratesdata_4
327,,,,Baetidae,10,,mayfly,,{E8A7545C-1E88-4453-8A27-F0146D185BF5},7/29/2019 16:59,,7/29/2019 16:59,,,aquaticinvertebratesdata_4
328,,,,"Mayfly, non-baetidae 1 ",10,,mayfly,,{E8A7545C-1E88-4453-8A27-F0146D185BF5},7/29/2019 16:59,,7/29/2019 16:59,,,aquaticinvertebratesdata_4
329,,,,"Mayfly, non-Baetidae 2",3,,mayfly,Very large. Tentatively Baetiscidae,{E8A7545C-1E88-4453-8A27-F0146D185BF5},7/29/2019 16:59,,7/29/2019 16:59,,,aquaticinvertebratesdata_4
330,,,,Erpobdellidae,1,,,,{E8A7545C-1E88-4453-8A27-F0146D185BF5},7/29/2019 16:59,,7/29/2019 16:59,,,aquaticinvertebratesdata_4
331,,,,Elmidae,1,,perennialindicator,,{E8A7545C-1E88-4453-8A27-F0146D185BF5},7/29/2019 16:59,,7/29/2019 16:59,,,aquaticinvertebratesdata_4
332,,,,Caddis pupa,1,,,Not sure of family. Possibly a perennial indicator taxon. Pupal case was all gravel attached to a rock.,{E8A7545C-1E88-4453-8A27-F0146D185BF5},7/29/2019 16:59,,7/29/2019 16:59,,,aquaticinvertebratesdata_4
333,,,,Plecoptera,6,,,Unsure of family but not Pelridae or Pteronarcyidaed,{E8A7545C-1E88-4453-8A27-F0146D185BF5},7/29/2019 16:59,,7/29/2019 16:59,,,aquaticinvertebratesdata_4
334,,,,Dytiscidae,5,,,Sample taken,{748A583E-3F17-41AB-9DA0-52CE5CAF38BF},7/30/2019 3:49,,7/30/2019 3:49,,,aquaticinvertebratesdata_4
335,,,,Hydrophyilidae,1,,,Sample taken ,{748A583E-3F17-41AB-9DA0-52CE5CAF38BF},7/30/2019 3:49,,7/30/2019 3:49,,,aquaticinvertebratesdata_4
336,,,,Chironomidae,2,,,,{748A583E-3F17-41AB-9DA0-52CE5CAF38BF},7/30/2019 3:49,,7/30/2019 3:49,,,aquaticinvertebratesdata_4
337,,,,Coleoptera spp unknown,3,,,Sample taken ,{748A583E-3F17-41AB-9DA0-52CE5CAF38BF},7/30/2019 3:49,,7/30/2019 3:49,,,aquaticinvertebratesdata_4
338,,,,Heptageniidae,4,,mayfly,,{49FBD2CF-8701-4FAF-B1AE-E71EC2160C27},7/30/2019 3:51,,7/30/2019 3:51,,,aquaticinvertebratesdata_4
339,,,,Hydrophilidae,1,,,,{49FBD2CF-8701-4FAF-B1AE-E71EC2160C27},7/30/2019 3:51,,7/30/2019 3:51,,,aquaticinvertebratesdata_4
340,,,,Physid ,2,,,More than 10 observed in stream,{49FBD2CF-8701-4FAF-B1AE-E71EC2160C27},7/30/2019 3:51,,7/30/2019 3:51,,,aquaticinvertebratesdata_4
341,,,,Simulidae ,10,,,,{49FBD2CF-8701-4FAF-B1AE-E71EC2160C27},7/30/2019 3:51,,7/30/2019 3:51,,,aquaticinvertebratesdata_4
342,,,,Baetidae,10,,mayfly,,{49FBD2CF-8701-4FAF-B1AE-E71EC2160C27},7/30/2019 3:51,,7/30/2019 3:51,,,aquaticinvertebratesdata_4
343,,,,Dytiscidae,3,,,Larvae ,{49FBD2CF-8701-4FAF-B1AE-E71EC2160C27},7/30/2019 3:51,,7/30/2019 3:51,,,aquaticinvertebratesdata_4
344,,,,Chironomidae,1,,,,{49FBD2CF-8701-4FAF-B1AE-E71EC2160C27},7/30/2019 3:51,,7/30/2019 3:51,,,aquaticinvertebratesdata_4
345,,,,Coleoptera ,1,,,Sampled ,{49FBD2CF-8701-4FAF-B1AE-E71EC2160C27},7/30/2019 3:51,,7/30/2019 3:51,,,aquaticinvertebratesdata_4
346,,,,Perlodid?,1,,,Sampled ,{49FBD2CF-8701-4FAF-B1AE-E71EC2160C27},7/30/2019 3:51,,7/30/2019 3:51,,,aquaticinvertebratesdata_4
347,,,,Ephemeroptera ,5,,,Baetis?,{88638AA0-E038-4AE0-95F5-7852CE06519C},7/30/2019 3:52,,7/30/2019 3:52,,,aquaticinvertebratesdata_4
348,,,,Midge larvae,1,,,,{88638AA0-E038-4AE0-95F5-7852CE06519C},7/30/2019 3:52,,7/30/2019 3:52,,,aquaticinvertebratesdata_4
349,,,,Caddisflies,4,,,"Multiple types, brick house ",{2E0151D4-B494-4E6D-9792-6B50648D5F4A},7/30/2019 3:53,,7/30/2019 3:53,,,aquaticinvertebratesdata_4
350,,,,Predacious diving beetle,10,,,,{2E0151D4-B494-4E6D-9792-6B50648D5F4A},7/30/2019 3:53,,7/30/2019 3:53,,,aquaticinvertebratesdata_4
351,,,,Ephemeroptera,10,,,,{2E0151D4-B494-4E6D-9792-6B50648D5F4A},7/30/2019 3:53,,7/30/2019 3:53,,,aquaticinvertebratesdata_4
352,,,,Midge larvae,2,,,,{2E0151D4-B494-4E6D-9792-6B50648D5F4A},7/30/2019 3:53,,7/30/2019 3:53,,,aquaticinvertebratesdata_4
353,,,,Ephemeroptera,1,,,Large: 2 cm with fluffy gills ,{2E0151D4-B494-4E6D-9792-6B50648D5F4A},7/30/2019 3:53,,7/30/2019 3:53,,,aquaticinvertebratesdata_4
354,,,,Plecoptera: Golden stonefly? ,1,,deadmaterial,Dead : large 5 cm ,{2E0151D4-B494-4E6D-9792-6B50648D5F4A},7/30/2019 3:53,,7/30/2019 3:53,,,aquaticinvertebratesdata_4
355,,,,Plecoptera,5,,,,{2E0151D4-B494-4E6D-9792-6B50648D5F4A},7/30/2019 3:53,,7/30/2019 3:53,,,aquaticinvertebratesdata_4
356,,,,Small mayfly with gills,2,,,,{2E0151D4-B494-4E6D-9792-6B50648D5F4A},7/30/2019 3:53,,7/30/2019 3:53,,,aquaticinvertebratesdata_4
357,,,,Diptera: black fly larvae ,10,,,,{2E0151D4-B494-4E6D-9792-6B50648D5F4A},7/30/2019 3:53,,7/30/2019 3:53,,,aquaticinvertebratesdata_4
358,,,,Tricoptera,2,,,Wood and rocks,{ABBD376C-77DB-485F-B652-AAA489677F52},7/30/2019 3:54,,7/30/2019 3:54,,,aquaticinvertebratesdata_4
359,,,,Snails,3,,,"1 spiral, 2 ?",{ABBD376C-77DB-485F-B652-AAA489677F52},7/30/2019 3:54,,7/30/2019 3:54,,,aquaticinvertebratesdata_4
360,,,,Ephemeroptera,10,,,,{ABBD376C-77DB-485F-B652-AAA489677F52},7/30/2019 3:54,,7/30/2019 3:54,,,aquaticinvertebratesdata_4
361,,,,Small black beetle,3,,,,{ABBD376C-77DB-485F-B652-AAA489677F52},7/30/2019 3:54,,7/30/2019 3:54,,,aquaticinvertebratesdata_4
362,,,,Coleoptera ,3,,,,{ABBD376C-77DB-485F-B652-AAA489677F52},7/30/2019 3:54,,7/30/2019 3:54,,,aquaticinvertebratesdata_4
363,,,,Diptera,10,,,,{ABBD376C-77DB-485F-B652-AAA489677F52},7/30/2019 3:54,,7/30/2019 3:54,,,aquaticinvertebratesdata_4
364,,,,Midge?,1,,,,{ABBD376C-77DB-485F-B652-AAA489677F52},7/30/2019 3:54,,7/30/2019 3:54,,,aquaticinvertebratesdata_4
365,,,,Small beetle with ridges,5,,,,{ABBD376C-77DB-485F-B652-AAA489677F52},7/30/2019 3:54,,7/30/2019 3:54,,,aquaticinvertebratesdata_4
366,,,,,0,,,No inverts found ,{96DD6C9A-2A33-45D9-B3DC-D829AAC6B199},7/30/2019 3:55,,7/30/2019 3:55,,,aquaticinvertebratesdata_4
367,,,,Stonefly?,2,,perennialindicator,,{B889B004-BE42-4734-8CF6-0D49A905B5D7},7/30/2019 3:56,,7/30/2019 3:56,,,aquaticinvertebratesdata_4
368,,,,Mayfly,5,,mayfly,,{B889B004-BE42-4734-8CF6-0D49A905B5D7},7/30/2019 3:56,,7/30/2019 3:56,,,aquaticinvertebratesdata_4
369,,,,Tricoptera,1,,,,{B889B004-BE42-4734-8CF6-0D49A905B5D7},7/30/2019 3:56,,7/30/2019 3:56,,,aquaticinvertebratesdata_4
370,,,,Coleoptera ,6,,,,{B889B004-BE42-4734-8CF6-0D49A905B5D7},7/30/2019 3:56,,7/30/2019 3:56,,,aquaticinvertebratesdata_4
371,,,,Small dytiscidae,10,,,,{C5EC404D-BB29-4F4E-82C7-F1C25430F175},7/31/2019 17:52,,7/31/2019 17:52,,,aquaticinvertebratesdata_4
372,,,,Large dytiscidae,3,,,,{C5EC404D-BB29-4F4E-82C7-F1C25430F175},7/31/2019 17:52,,7/31/2019 17:52,,,aquaticinvertebratesdata_4
373,,,,Possibly a caddisfly,1,,,Need to look under scope. Definitely not a perennial indicator family,{C5EC404D-BB29-4F4E-82C7-F1C25430F175},7/31/2019 17:52,,7/31/2019 17:52,,,aquaticinvertebratesdata_4
374,,,,Ephemeroptera ,10,,mayfly,,{BF8E6B54-8856-455A-B98C-BEC6C932C713},7/31/2019 21:25,,7/31/2019 21:25,,,aquaticinvertebratesdata_4
375,,,,Ephemeroptera ,10,,mayfly,Small fast,{BF8E6B54-8856-455A-B98C-BEC6C932C713},7/31/2019 21:25,,7/31/2019 21:25,,,aquaticinvertebratesdata_4
376,,,,Plecoptera,3,,,,{BF8E6B54-8856-455A-B98C-BEC6C932C713},7/31/2019 21:25,,7/31/2019 21:25,,,aquaticinvertebratesdata_4
377,,,,Diptera,10,,,,{BF8E6B54-8856-455A-B98C-BEC6C932C713},7/31/2019 21:25,,7/31/2019 21:25,,,aquaticinvertebratesdata_4
378,,,,"Large clear amber casing, spp unkn",1,,,"Bug emerged from case in net, not sure if we caught it. Included winged bug that may be terrestrial ",{BF8E6B54-8856-455A-B98C-BEC6C932C713},7/31/2019 21:25,,7/31/2019 21:25,,,aquaticinvertebratesdata_4
379,,,,Coleoptera ,1,,,Predatious diving beetle ,{BF8E6B54-8856-455A-B98C-BEC6C932C713},7/31/2019 21:25,,7/31/2019 21:25,,,aquaticinvertebratesdata_4
380,,,,,0,,,None found ,{6F58BEED-582B-4DCE-9C1C-09524D914042},7/31/2019 21:26,,7/31/2019 21:26,,,aquaticinvertebratesdata_4
381,,,,,0,,,None -dry/dusty,{4B77E7B6-75DC-44E6-8D76-12DBC1AD9295},7/31/2019 21:26,,7/31/2019 21:26,,,aquaticinvertebratesdata_4
382,,,,,0,,,None,{BD0FC776-F618-41D7-9E7B-ECC757B2B8F1},7/31/2019 21:26,,7/31/2019 21:26,,,aquaticinvertebratesdata_4
383,,,,,0,,,None found ,{BEB5A382-7365-45AA-86B4-9DB393C1A2E6},7/31/2019 21:27,,7/31/2019 21:27,,,aquaticinvertebratesdata_4
384,,,,Tricoptera,2,,,Wood and rocks,{0D77A716-D9B9-451E-88BD-FCDD3744B723},7/31/2019 22:14,,7/31/2019 22:14,,,aquaticinvertebratesdata_4
385,,,,Snails,3,,,"1 spiral,2?",{0D77A716-D9B9-451E-88BD-FCDD3744B723},7/31/2019 22:14,,7/31/2019 22:14,,,aquaticinvertebratesdata_4
386,,,,Ephemeroptera ,10,,mayfly,,{0D77A716-D9B9-451E-88BD-FCDD3744B723},7/31/2019 22:14,,7/31/2019 22:14,,,aquaticinvertebratesdata_4
387,,,,Small black beetle- coleoptera,3,,,,{0D77A716-D9B9-451E-88BD-FCDD3744B723},7/31/2019 22:14,,7/31/2019 22:14,,,aquaticinvertebratesdata_4
388,,,,Coleoptera,3,,,,{0D77A716-D9B9-451E-88BD-FCDD3744B723},7/31/2019 22:14,,7/31/2019 22:14,,,aquaticinvertebratesdata_4
389,,,,Diptera,10,,,,{0D77A716-D9B9-451E-88BD-FCDD3744B723},7/31/2019 22:14,,7/31/2019 22:14,,,aquaticinvertebratesdata_4
390,,,,Midges,1,,,,{0D77A716-D9B9-451E-88BD-FCDD3744B723},7/31/2019 22:14,,7/31/2019 22:14,,,aquaticinvertebratesdata_4
391,,,,Small ridged beetle- coleoptera,5,,,,{0D77A716-D9B9-451E-88BD-FCDD3744B723},7/31/2019 22:14,,7/31/2019 22:14,,,aquaticinvertebratesdata_4
392,,,,Ephemeroptera ,10,,mayfly,,{CB632178-6F30-4354-A607-5D56B2127A42},8/5/2019 4:37,mrodenbeck1,8/5/2019 4:37,mrodenbeck1,,aquaticinvertebratesdata_4
393,,,,Red midges,10,,,,{CB632178-6F30-4354-A607-5D56B2127A42},8/5/2019 4:37,mrodenbeck1,8/5/2019 4:37,mrodenbeck1,,aquaticinvertebratesdata_4
394,,,,Diptera,10,,,,{CB632178-6F30-4354-A607-5D56B2127A42},8/5/2019 4:37,mrodenbeck1,8/5/2019 4:37,mrodenbeck1,,aquaticinvertebratesdata_4
395,,,,Coleoptera ,5,,,Predacious diving beetle ,{CB632178-6F30-4354-A607-5D56B2127A42},8/5/2019 4:37,mrodenbeck1,8/5/2019 4:37,mrodenbeck1,,aquaticinvertebratesdata_4
396,,,,Midges,10,,,Black head tan body ,{CB632178-6F30-4354-A607-5D56B2127A42},8/5/2019 4:37,mrodenbeck1,8/5/2019 4:37,mrodenbeck1,,aquaticinvertebratesdata_4
397,,,,Odonata spp,10,,perennialindicator,,{EB1ECD0B-A9CA-4AA9-B6A7-4A3A51E98199},8/5/2019 4:37,mrodenbeck1,8/5/2019 4:37,mrodenbeck1,,aquaticinvertebratesdata_4
398,,,,Spiral snail,1,,,,{EB1ECD0B-A9CA-4AA9-B6A7-4A3A51E98199},8/5/2019 4:37,mrodenbeck1,8/5/2019 4:37,mrodenbeck1,,aquaticinvertebratesdata_4
399,,,,Bivalve spp?,2,,,,{EB1ECD0B-A9CA-4AA9-B6A7-4A3A51E98199},8/5/2019 4:37,mrodenbeck1,8/5/2019 4:37,mrodenbeck1,,aquaticinvertebratesdata_4
400,,,,,0,,,None,{3E93C6E1-881E-4C01-BACE-13BF8AA6467A},8/5/2019 4:37,mrodenbeck1,8/5/2019 4:37,mrodenbeck1,,aquaticinvertebratesdata_4
401,,,,Odonata,1,,,Light green,{28A4A76E-A208-494C-9AC4-48C256203AE4},8/5/2019 4:38,mrodenbeck1,8/5/2019 4:38,mrodenbeck1,,aquaticinvertebratesdata_4
402,,,,Odonata ,1,,,Tan,{28A4A76E-A208-494C-9AC4-48C256203AE4},8/5/2019 4:38,mrodenbeck1,8/5/2019 4:38,mrodenbeck1,,aquaticinvertebratesdata_4
403,,,,Snail,4,,,,{28A4A76E-A208-494C-9AC4-48C256203AE4},8/5/2019 4:38,mrodenbeck1,8/5/2019 4:38,mrodenbeck1,,aquaticinvertebratesdata_4
404,,,,Beetle ,1,,,Not sure if terrestrial or aquatic ,{28A4A76E-A208-494C-9AC4-48C256203AE4},8/5/2019 4:38,mrodenbeck1,8/5/2019 4:38,mrodenbeck1,,aquaticinvertebratesdata_4
405,,,,Red midge,10,,,,{3BDF9321-722E-4B15-9080-C965C5F24848},8/5/2019 4:38,mrodenbeck1,8/5/2019 4:38,mrodenbeck1,,aquaticinvertebratesdata_4
406,,,,Diptera ,10,,,Sporadic movement ,{3BDF9321-722E-4B15-9080-C965C5F24848},8/5/2019 4:38,mrodenbeck1,8/5/2019 4:38,mrodenbeck1,,aquaticinvertebratesdata_4
407,,,,Plecoptera ,3,,,,{3BDF9321-722E-4B15-9080-C965C5F24848},8/5/2019 4:38,mrodenbeck1,8/5/2019 4:38,mrodenbeck1,,aquaticinvertebratesdata_4
408,,,,Ephemeroptera ,10,,,,{3BDF9321-722E-4B15-9080-C965C5F24848},8/5/2019 4:38,mrodenbeck1,8/5/2019 4:38,mrodenbeck1,,aquaticinvertebratesdata_4
409,,,,Predacious diving beetle,2,,,,{3BDF9321-722E-4B15-9080-C965C5F24848},8/5/2019 4:38,mrodenbeck1,8/5/2019 4:38,mrodenbeck1,,aquaticinvertebratesdata_4
410,,,,Diptera,10,,,Black fly larvae ,{3BDF9321-722E-4B15-9080-C965C5F24848},8/5/2019 4:38,mrodenbeck1,8/5/2019 4:38,mrodenbeck1,,aquaticinvertebratesdata_4
411,,,,,0,,,None found ,{A485A5B9-2436-4C06-8139-91E11900229D},8/5/2019 4:38,mrodenbeck1,8/5/2019 4:38,mrodenbeck1,,aquaticinvertebratesdata_4
412,,,,Diptera chironomidae ,3,,,Small red ,{B06A532B-FD7D-4335-BBB9-3945B0EE78EE},8/5/2019 4:38,mrodenbeck1,8/5/2019 4:38,mrodenbeck1,,aquaticinvertebratesdata_4
413,,,,Diptera dixidae,2,,,"Big segments, black head ",{B06A532B-FD7D-4335-BBB9-3945B0EE78EE},8/5/2019 4:38,mrodenbeck1,8/5/2019 4:38,mrodenbeck1,,aquaticinvertebratesdata_4
414,,,,Diptera simuliidae,1,,,,{B06A532B-FD7D-4335-BBB9-3945B0EE78EE},8/5/2019 4:38,mrodenbeck1,8/5/2019 4:38,mrodenbeck1,,aquaticinvertebratesdata_4
415,,,,Ephemeroptera heptagiidae,5,,mayfly,,{B06A532B-FD7D-4335-BBB9-3945B0EE78EE},8/5/2019 4:38,mrodenbeck1,8/5/2019 4:38,mrodenbeck1,,aquaticinvertebratesdata_4
416,,,,Ephemeroptera spp unkn,6,,mayfly,"White butt, mermaid swimmers ",{B06A532B-FD7D-4335-BBB9-3945B0EE78EE},8/5/2019 4:38,mrodenbeck1,8/5/2019 4:38,mrodenbeck1,,aquaticinvertebratesdata_4
417,,,,Ephemeroptera-Ephemerellidae,10,,mayfly,"Spiny crawler?striped legs, 3 colors on tails",{B06A532B-FD7D-4335-BBB9-3945B0EE78EE},8/5/2019 4:38,mrodenbeck1,8/5/2019 4:38,mrodenbeck1,,aquaticinvertebratesdata_4
418,,,,Small black worm/ midge ,5,,,Very small,{3B971CC1-E11F-4F2F-8A52-46B8A367FB3A},8/5/2019 4:39,mrodenbeck1,8/5/2019 4:39,mrodenbeck1,,aquaticinvertebratesdata_4
419,,,,Plecoptera ,2,,,,{3B971CC1-E11F-4F2F-8A52-46B8A367FB3A},8/5/2019 4:39,mrodenbeck1,8/5/2019 4:39,mrodenbeck1,,aquaticinvertebratesdata_4
420,,,,Ephemeroptera ,10,,mayfly,,{3B971CC1-E11F-4F2F-8A52-46B8A367FB3A},8/5/2019 4:39,mrodenbeck1,8/5/2019 4:39,mrodenbeck1,,aquaticinvertebratesdata_4
421,,,,Diptera,10,,,"Larger, light in color ",{3B971CC1-E11F-4F2F-8A52-46B8A367FB3A},8/5/2019 4:39,mrodenbeck1,8/5/2019 4:39,mrodenbeck1,,aquaticinvertebratesdata_4
422,,,,Diptera,3,,,Anal spurs ,{3B971CC1-E11F-4F2F-8A52-46B8A367FB3A},8/5/2019 4:39,mrodenbeck1,8/5/2019 4:39,mrodenbeck1,,aquaticinvertebratesdata_4
423,,,,Ephemeroptera ,10,,mayfly,Three colored tail,{4194FC14-5A5D-4A6D-BF15-EE32ED00D43C},8/8/2019 3:13,mrodenbeck1,8/8/2019 3:13,mrodenbeck1,,aquaticinvertebratesdata_4
424,,,,Ephemeroptera ,1,,mayfly,Flathead mayfly,{4194FC14-5A5D-4A6D-BF15-EE32ED00D43C},8/8/2019 3:13,mrodenbeck1,8/8/2019 3:13,mrodenbeck1,,aquaticinvertebratesdata_4
425,,,,Water boatmen ,10,,,Longer darker,{4194FC14-5A5D-4A6D-BF15-EE32ED00D43C},8/8/2019 3:13,mrodenbeck1,8/8/2019 3:13,mrodenbeck1,,aquaticinvertebratesdata_4
426,,,,Water boatmen ,1,,,"Small green, more oval ",{4194FC14-5A5D-4A6D-BF15-EE32ED00D43C},8/8/2019 3:13,mrodenbeck1,8/8/2019 3:13,mrodenbeck1,,aquaticinvertebratesdata_4
427,,,,Coleoptera ,10,,,Small brown/black beetle horizontally  striped ,{4194FC14-5A5D-4A6D-BF15-EE32ED00D43C},8/8/2019 3:13,mrodenbeck1,8/8/2019 3:13,mrodenbeck1,,aquaticinvertebratesdata_4
428,,,,Coleoptera,1,,,All grey,{4194FC14-5A5D-4A6D-BF15-EE32ED00D43C},8/8/2019 3:13,mrodenbeck1,8/8/2019 3:13,mrodenbeck1,,aquaticinvertebratesdata_4
429,,,,Ephemeroptera ,4,,,"Much smaller, lighter color different shape ",{4194FC14-5A5D-4A6D-BF15-EE32ED00D43C},8/8/2019 3:13,mrodenbeck1,8/8/2019 3:13,mrodenbeck1,,aquaticinvertebratesdata_4
430,,,,Small red mite ,3,,,Water mite ,{4194FC14-5A5D-4A6D-BF15-EE32ED00D43C},8/8/2019 3:13,mrodenbeck1,8/8/2019 3:13,mrodenbeck1,,aquaticinvertebratesdata_4
431,,,,Diptera ,10,,,Clear/tan midges ,{4194FC14-5A5D-4A6D-BF15-EE32ED00D43C},8/8/2019 3:13,mrodenbeck1,8/8/2019 3:13,mrodenbeck1,,aquaticinvertebratesdata_4
432,,,,Plecoptera ,2,,deadmaterial,Cases,{4194FC14-5A5D-4A6D-BF15-EE32ED00D43C},8/8/2019 3:13,mrodenbeck1,8/8/2019 3:13,mrodenbeck1,,aquaticinvertebratesdata_4
433,,,,Coleoptera ,1,,,Black and green beetle ,{4194FC14-5A5D-4A6D-BF15-EE32ED00D43C},8/8/2019 3:13,mrodenbeck1,8/8/2019 3:13,mrodenbeck1,,aquaticinvertebratesdata_4
434,,,,Tricoptera ,10,,,Wood casing,{4194FC14-5A5D-4A6D-BF15-EE32ED00D43C},8/8/2019 3:13,mrodenbeck1,8/8/2019 3:13,mrodenbeck1,,aquaticinvertebratesdata_4
435,,,,Water boatman ,10,,,,{645520CB-1975-4757-BA6E-0094C71DB7B8},8/8/2019 3:13,mrodenbeck1,8/8/2019 3:13,mrodenbeck1,,aquaticinvertebratesdata_4
436,,,,Notonectidae  spp,1,,,White with red eyes ,{645520CB-1975-4757-BA6E-0094C71DB7B8},8/8/2019 3:13,mrodenbeck1,8/8/2019 3:13,mrodenbeck1,,aquaticinvertebratesdata_4
437,,,,Unknown spp,10,,,Black and white ,{645520CB-1975-4757-BA6E-0094C71DB7B8},8/8/2019 3:13,mrodenbeck1,8/8/2019 3:13,mrodenbeck1,,aquaticinvertebratesdata_4
438,,,,,0,,,None found,{AEB37E53-6D67-499B-A44C-3D8B3D12FAC7},8/8/2019 3:13,mrodenbeck1,8/8/2019 3:13,mrodenbeck1,,aquaticinvertebratesdata_4
439,,,,Ephemeroptera ,10,,mayfly,,{0A373DEB-B4D1-4FAB-8B02-DD28649DFBB0},8/8/2019 3:13,mrodenbeck1,8/8/2019 3:13,mrodenbeck1,,aquaticinvertebratesdata_4
440,,,,Coleoptera ,10,,,Water boatmen ,{0A373DEB-B4D1-4FAB-8B02-DD28649DFBB0},8/8/2019 3:13,mrodenbeck1,8/8/2019 3:13,mrodenbeck1,,aquaticinvertebratesdata_4
441,,,,Coleoptera ,10,,,Small brown and black ,{0A373DEB-B4D1-4FAB-8B02-DD28649DFBB0},8/8/2019 3:13,mrodenbeck1,8/8/2019 3:13,mrodenbeck1,,aquaticinvertebratesdata_4
442,,,,"Diptera, Red midge ",5,,,,{0A373DEB-B4D1-4FAB-8B02-DD28649DFBB0},8/8/2019 3:13,mrodenbeck1,8/8/2019 3:13,mrodenbeck1,,aquaticinvertebratesdata_4
443,,,,Diptera,5,,,"Midge or other Diptera, tan ",{0A373DEB-B4D1-4FAB-8B02-DD28649DFBB0},8/8/2019 3:13,mrodenbeck1,8/8/2019 3:13,mrodenbeck1,,aquaticinvertebratesdata_4
444,,,,Odonata spp unknown ,5,,deadmaterial,Dark light color pattern ,{8C3DC96A-7E5D-43D0-B6B8-5BAD47DBA097},8/8/2019 3:13,mrodenbeck1,8/8/2019 3:13,mrodenbeck1,,aquaticinvertebratesdata_4
445,,,,Ephemeroptera ,10,,mayfly,,{8C3DC96A-7E5D-43D0-B6B8-5BAD47DBA097},8/8/2019 3:13,mrodenbeck1,8/8/2019 3:13,mrodenbeck1,,aquaticinvertebratesdata_4
446,,,,unknown spp,1,,,Large segmented greenish worm,{8C3DC96A-7E5D-43D0-B6B8-5BAD47DBA097},8/8/2019 3:13,mrodenbeck1,8/8/2019 3:13,mrodenbeck1,,aquaticinvertebratesdata_4
447,,,,Odonata,2,,,Flat lower body segment ,{8C3DC96A-7E5D-43D0-B6B8-5BAD47DBA097},8/8/2019 3:13,mrodenbeck1,8/8/2019 3:13,mrodenbeck1,,aquaticinvertebratesdata_4
448,,,,Coleoptera,1,,,Brown predatious diving beetle ,{8C3DC96A-7E5D-43D0-B6B8-5BAD47DBA097},8/8/2019 3:13,mrodenbeck1,8/8/2019 3:13,mrodenbeck1,,aquaticinvertebratesdata_4
449,,,,Coleoptera ,4,,,Green predatious diving beetle ,{8C3DC96A-7E5D-43D0-B6B8-5BAD47DBA097},8/8/2019 3:13,mrodenbeck1,8/8/2019 3:13,mrodenbeck1,,aquaticinvertebratesdata_4
450,,,,Water boatmen ,1,,,,{8C3DC96A-7E5D-43D0-B6B8-5BAD47DBA097},8/8/2019 3:13,mrodenbeck1,8/8/2019 3:13,mrodenbeck1,,aquaticinvertebratesdata_4
451,,,,Coleoptera ,10,,,Brown beetle ,{8C3DC96A-7E5D-43D0-B6B8-5BAD47DBA097},8/8/2019 3:13,mrodenbeck1,8/8/2019 3:13,mrodenbeck1,,aquaticinvertebratesdata_4
452,,,,Midge spp unknown ,1,,,Red midge ,{8C3DC96A-7E5D-43D0-B6B8-5BAD47DBA097},8/8/2019 3:13,mrodenbeck1,8/8/2019 3:13,mrodenbeck1,,aquaticinvertebratesdata_4
453,,,,Midge spp unknown ,3,,,Brown midge ,{8C3DC96A-7E5D-43D0-B6B8-5BAD47DBA097},8/8/2019 3:13,mrodenbeck1,8/8/2019 3:13,mrodenbeck1,,aquaticinvertebratesdata_4
454,,,,Odonata ,1,,,One color greenish brown ,{8C3DC96A-7E5D-43D0-B6B8-5BAD47DBA097},8/8/2019 3:13,mrodenbeck1,8/8/2019 3:13,mrodenbeck1,,aquaticinvertebratesdata_4
455,,,,Tan midge ,4,,,,{91C3D3D4-6344-4771-B8CB-FD442D460E75},8/10/2019 6:34,mrodenbeck1,8/10/2019 6:34,mrodenbeck1,,aquaticinvertebratesdata_4
456,,,,Ephemeroptera ,10,,mayfly,Mayfly,{91C3D3D4-6344-4771-B8CB-FD442D460E75},8/10/2019 6:34,mrodenbeck1,8/10/2019 6:34,mrodenbeck1,,aquaticinvertebratesdata_4
457,,,,Ephemeroptera ,1,,mayfly,"Bigger darker, 3 colored tails ",{91C3D3D4-6344-4771-B8CB-FD442D460E75},8/10/2019 6:34,mrodenbeck1,8/10/2019 6:34,mrodenbeck1,,aquaticinvertebratesdata_4
458,,,,Red mite ,1,,,,{91C3D3D4-6344-4771-B8CB-FD442D460E75},8/10/2019 6:34,mrodenbeck1,8/10/2019 6:34,mrodenbeck1,,aquaticinvertebratesdata_4
459,,,,Plecoptera ,10,,,Golden stonefly ,{D1A681FD-B544-45DE-BC8C-96D861ADD202},8/12/2019 4:41,mrodenbeck1,8/12/2019 4:41,mrodenbeck1,,aquaticinvertebratesdata_4
460,,,,Ephemeroptera ,10,,,Flathead ,{D1A681FD-B544-45DE-BC8C-96D861ADD202},8/12/2019 4:41,mrodenbeck1,8/12/2019 4:41,mrodenbeck1,,aquaticinvertebratesdata_4
461,,,,Ephemeroptera ,10,,,Skinny fast ,{D1A681FD-B544-45DE-BC8C-96D861ADD202},8/12/2019 4:41,mrodenbeck1,8/12/2019 4:41,mrodenbeck1,,aquaticinvertebratesdata_4
462,,,,Tricoptera ,4,,,Log cabin casing ,{D1A681FD-B544-45DE-BC8C-96D861ADD202},8/12/2019 4:41,mrodenbeck1,8/12/2019 4:41,mrodenbeck1,,aquaticinvertebratesdata_4
463,,,,Diptera,10,,,Black fly larvae ,{D1A681FD-B544-45DE-BC8C-96D861ADD202},8/12/2019 4:41,mrodenbeck1,8/12/2019 4:41,mrodenbeck1,,aquaticinvertebratesdata_4
464,,,,Diptera,10,,,Midge tan ,{D1A681FD-B544-45DE-BC8C-96D861ADD202},8/12/2019 4:41,mrodenbeck1,8/12/2019 4:41,mrodenbeck1,,aquaticinvertebratesdata_4
465,,,,Red mite ,2,,,,{D1A681FD-B544-45DE-BC8C-96D861ADD202},8/12/2019 4:41,mrodenbeck1,8/12/2019 4:41,mrodenbeck1,,aquaticinvertebratesdata_4
466,,,,Diptera ,2,,,Butt Spurs ,{D1A681FD-B544-45DE-BC8C-96D861ADD202},8/12/2019 4:41,mrodenbeck1,8/12/2019 4:41,mrodenbeck1,,aquaticinvertebratesdata_4
467,,,,Ephemeroptera ,1,,,"Tanky, 3 colored tails ",{D1A681FD-B544-45DE-BC8C-96D861ADD202},8/12/2019 4:41,mrodenbeck1,8/12/2019 4:41,mrodenbeck1,,aquaticinvertebratesdata_4
468,,,,Coleoptera ,1,,,"Small, brown/black ",{D1A681FD-B544-45DE-BC8C-96D861ADD202},8/12/2019 4:41,mrodenbeck1,8/12/2019 4:41,mrodenbeck1,,aquaticinvertebratesdata_4
469,,,,Ephemeroptera ,10,,,Flathead ,{D26C6B61-C75F-4D91-9300-1F991022985C},8/12/2019 4:41,mrodenbeck1,8/12/2019 4:41,mrodenbeck1,,aquaticinvertebratesdata_4
470,,,,Ephemeroptera ,10,,,Skinny/fast,{D26C6B61-C75F-4D91-9300-1F991022985C},8/12/2019 4:41,mrodenbeck1,8/12/2019 4:41,mrodenbeck1,,aquaticinvertebratesdata_4
471,,,,Ephemeroptera ,10,,,"Dark, tanky, 3 colored tail",{D26C6B61-C75F-4D91-9300-1F991022985C},8/12/2019 4:41,mrodenbeck1,8/12/2019 4:41,mrodenbeck1,,aquaticinvertebratesdata_4
472,,,,Plecoptera ,10,,,Gold brown (golden stonefly?),{D26C6B61-C75F-4D91-9300-1F991022985C},8/12/2019 4:41,mrodenbeck1,8/12/2019 4:41,mrodenbeck1,,aquaticinvertebratesdata_4
473,,,,Plecoptera ,10,,,"Small, opaque white (instar?) ",{D26C6B61-C75F-4D91-9300-1F991022985C},8/12/2019 4:41,mrodenbeck1,8/12/2019 4:41,mrodenbeck1,,aquaticinvertebratesdata_4
474,,,,Coleoptera,10,,,Predacious diving beetle ,{D26C6B61-C75F-4D91-9300-1F991022985C},8/12/2019 4:41,mrodenbeck1,8/12/2019 4:41,mrodenbeck1,,aquaticinvertebratesdata_4
475,,,,Diptera,10,,,Black fly larvae ,{D26C6B61-C75F-4D91-9300-1F991022985C},8/12/2019 4:41,mrodenbeck1,8/12/2019 4:41,mrodenbeck1,,aquaticinvertebratesdata_4
476,,,,Diptera,10,,,Midge -tan ,{D26C6B61-C75F-4D91-9300-1F991022985C},8/12/2019 4:41,mrodenbeck1,8/12/2019 4:41,mrodenbeck1,,aquaticinvertebratesdata_4
477,,,,Tricoptera ,10,,,Log cabin shaped ,{D26C6B61-C75F-4D91-9300-1F991022985C},8/12/2019 4:41,mrodenbeck1,8/12/2019 4:41,mrodenbeck1,,aquaticinvertebratesdata_4
478,,,,Unknown spp,1,,,Large segmented worm ,{D26C6B61-C75F-4D91-9300-1F991022985C},8/12/2019 4:41,mrodenbeck1,8/12/2019 4:41,mrodenbeck1,,aquaticinvertebratesdata_4
479,,,,Ephemeroptera ,5,,mayfly,Flathead ,{F98FA446-9B93-43A4-9BDF-48869944A1DB},8/12/2019 4:41,mrodenbeck1,8/12/2019 4:41,mrodenbeck1,,aquaticinvertebratesdata_4
480,,,,Ephemeroptera ,4,,mayfly,Flathead white butt,{F98FA446-9B93-43A4-9BDF-48869944A1DB},8/12/2019 4:41,mrodenbeck1,8/12/2019 4:41,mrodenbeck1,,aquaticinvertebratesdata_4
481,,,,Ephemeroptera ,10,,mayfly,"Small, skinny fast",{F98FA446-9B93-43A4-9BDF-48869944A1DB},8/12/2019 4:41,mrodenbeck1,8/12/2019 4:41,mrodenbeck1,,aquaticinvertebratesdata_4
482,,,,Ephemeroptera ,2,,mayfly,Dark and tanky ,{F98FA446-9B93-43A4-9BDF-48869944A1DB},8/12/2019 4:41,mrodenbeck1,8/12/2019 4:41,mrodenbeck1,,aquaticinvertebratesdata_4
483,,,,Plecoptera ,2,,,1 live and 1 casing ,{F98FA446-9B93-43A4-9BDF-48869944A1DB},8/12/2019 4:41,mrodenbeck1,8/12/2019 4:41,mrodenbeck1,,aquaticinvertebratesdata_4
484,,,,Diptera -midge ,10,,,Small/tan ,{F98FA446-9B93-43A4-9BDF-48869944A1DB},8/12/2019 4:41,mrodenbeck1,8/12/2019 4:41,mrodenbeck1,,aquaticinvertebratesdata_4
485,,,,Coleoptera ,3,,,"Small, brown,black ",{F98FA446-9B93-43A4-9BDF-48869944A1DB},8/12/2019 4:41,mrodenbeck1,8/12/2019 4:41,mrodenbeck1,,aquaticinvertebratesdata_4
486,,,,Coleoptera ,1,,,Has 2 butt Spurs ,{F98FA446-9B93-43A4-9BDF-48869944A1DB},8/12/2019 4:41,mrodenbeck1,8/12/2019 4:41,mrodenbeck1,,aquaticinvertebratesdata_4
487,,,,Diptera -unknown spp,1,,,Large segmented worm,{F98FA446-9B93-43A4-9BDF-48869944A1DB},8/12/2019 4:41,mrodenbeck1,8/12/2019 4:41,mrodenbeck1,,aquaticinvertebratesdata_4
488,,,,Diptera,10,,,Black fly larvae ,{F98FA446-9B93-43A4-9BDF-48869944A1DB},8/12/2019 4:41,mrodenbeck1,8/12/2019 4:41,mrodenbeck1,,aquaticinvertebratesdata_4
489,,,,Odanata spp,1,,,Large spine on back ,{7677F32A-5B00-4979-85BF-12EDFDF58F6C},8/12/2019 4:41,mrodenbeck1,8/12/2019 4:41,mrodenbeck1,,aquaticinvertebratesdata_4
490,,,,Odanata spp,5,,,"Longer, thinner",{7677F32A-5B00-4979-85BF-12EDFDF58F6C},8/12/2019 4:41,mrodenbeck1,8/12/2019 4:41,mrodenbeck1,,aquaticinvertebratesdata_4
491,,,,Odanata spp,10,,,3 tails ?,{7677F32A-5B00-4979-85BF-12EDFDF58F6C},8/12/2019 4:41,mrodenbeck1,8/12/2019 4:41,mrodenbeck1,,aquaticinvertebratesdata_4
492,,,,Ephemeroptera ,10,,mayfly,3 tails ,{7677F32A-5B00-4979-85BF-12EDFDF58F6C},8/12/2019 4:41,mrodenbeck1,8/12/2019 4:41,mrodenbeck1,,aquaticinvertebratesdata_4
493,,,,Diptera,10,,,Black fly larvae ,{7677F32A-5B00-4979-85BF-12EDFDF58F6C},8/12/2019 4:41,mrodenbeck1,8/12/2019 4:41,mrodenbeck1,,aquaticinvertebratesdata_4
494,,,,Ephemeroptera ,3,,mayfly,"2 tails , pretty sure 1 toe ",{7677F32A-5B00-4979-85BF-12EDFDF58F6C},8/12/2019 4:41,mrodenbeck1,8/12/2019 4:41,mrodenbeck1,,aquaticinvertebratesdata_4
495,,,,Diptera ,10,,,"Black head, Spines on butt",{7677F32A-5B00-4979-85BF-12EDFDF58F6C},8/12/2019 4:41,mrodenbeck1,8/12/2019 4:41,mrodenbeck1,,aquaticinvertebratesdata_4
496,,,,Diptera ,1,,,Green ,{7677F32A-5B00-4979-85BF-12EDFDF58F6C},8/12/2019 4:41,mrodenbeck1,8/12/2019 4:41,mrodenbeck1,,aquaticinvertebratesdata_4
497,,,, Coleoptera,6,,,,{7677F32A-5B00-4979-85BF-12EDFDF58F6C},8/12/2019 4:41,mrodenbeck1,8/12/2019 4:41,mrodenbeck1,,aquaticinvertebratesdata_4
498,,,,Unknown spp,10,,,Crawdad?? Very small,{7677F32A-5B00-4979-85BF-12EDFDF58F6C},8/12/2019 4:41,mrodenbeck1,8/12/2019 4:41,mrodenbeck1,,aquaticinvertebratesdata_4
499,,,,Plecoptera ,10,,,Light,{C07FE7FD-F1DB-422C-98FB-8648BE6493CA},8/15/2019 5:12,mrodenbeck1,8/15/2019 5:12,mrodenbeck1,,aquaticinvertebratesdata_4
500,,,,Ephemeroptera ,10,,,"Small, fast, 2 tails ",{C07FE7FD-F1DB-422C-98FB-8648BE6493CA},8/15/2019 5:12,mrodenbeck1,8/15/2019 5:12,mrodenbeck1,,aquaticinvertebratesdata_4
501,,,,Ephemeroptera ,10,,,"3 tails, flathead ",{C07FE7FD-F1DB-422C-98FB-8648BE6493CA},8/15/2019 5:12,mrodenbeck1,8/15/2019 5:12,mrodenbeck1,,aquaticinvertebratesdata_4
502,,,,Ephemeroptera ,10,,,"2 tail-1 toe, lighter ",{C07FE7FD-F1DB-422C-98FB-8648BE6493CA},8/15/2019 5:12,mrodenbeck1,8/15/2019 5:12,mrodenbeck1,,aquaticinvertebratesdata_4
503,,,,Ephemeroptera ,10,,,"Tanky -2 tails, large gills",{C07FE7FD-F1DB-422C-98FB-8648BE6493CA},8/15/2019 5:12,mrodenbeck1,8/15/2019 5:12,mrodenbeck1,,aquaticinvertebratesdata_4
504,,,,Ephemeroptera ,1,,,White butt ,{C07FE7FD-F1DB-422C-98FB-8648BE6493CA},8/15/2019 5:12,mrodenbeck1,8/15/2019 5:12,mrodenbeck1,,aquaticinvertebratesdata_4
505,,,,Diptera ,4,,,Midge- reddish ,{C07FE7FD-F1DB-422C-98FB-8648BE6493CA},8/15/2019 5:12,mrodenbeck1,8/15/2019 5:12,mrodenbeck1,,aquaticinvertebratesdata_4
506,,,,Tricoptera ,1,,,Stone house,{C07FE7FD-F1DB-422C-98FB-8648BE6493CA},8/15/2019 5:12,mrodenbeck1,8/15/2019 5:12,mrodenbeck1,,aquaticinvertebratesdata_4
507,,,,Diptera,1,,,"Black head, butt Spurs ",{C07FE7FD-F1DB-422C-98FB-8648BE6493CA},8/15/2019 5:12,mrodenbeck1,8/15/2019 5:12,mrodenbeck1,,aquaticinvertebratesdata_4
508,,,,Unknown spp,10,,,Worm ,{C07FE7FD-F1DB-422C-98FB-8648BE6493CA},8/15/2019 5:12,mrodenbeck1,8/15/2019 5:12,mrodenbeck1,,aquaticinvertebratesdata_4
509,,,,Unknown spp,1,,,Flat worm ,{C07FE7FD-F1DB-422C-98FB-8648BE6493CA},8/15/2019 5:12,mrodenbeck1,8/15/2019 5:12,mrodenbeck1,,aquaticinvertebratesdata_4
510,,,,Plecoptera ,10,,,Dark color ,{C2C849C7-214D-45E5-A228-F81FBB08543A},8/15/2019 5:13,mrodenbeck1,8/15/2019 5:13,mrodenbeck1,,aquaticinvertebratesdata_4
511,,,,Plecoptera ,10,,,Light ,{C2C849C7-214D-45E5-A228-F81FBB08543A},8/15/2019 5:13,mrodenbeck1,8/15/2019 5:13,mrodenbeck1,,aquaticinvertebratesdata_4
512,,,,Coleoptera spp,10,,,Predacious diving beetle ,{C2C849C7-214D-45E5-A228-F81FBB08543A},8/15/2019 5:13,mrodenbeck1,8/15/2019 5:13,mrodenbeck1,,aquaticinvertebratesdata_4
513,,,,Diptera,2,,,Crane fly larvae ,{C2C849C7-214D-45E5-A228-F81FBB08543A},8/15/2019 5:13,mrodenbeck1,8/15/2019 5:13,mrodenbeck1,,aquaticinvertebratesdata_4
514,,,,Diptera,10,,,Red midge ,{C2C849C7-214D-45E5-A228-F81FBB08543A},8/15/2019 5:13,mrodenbeck1,8/15/2019 5:13,mrodenbeck1,,aquaticinvertebratesdata_4
515,,,,Diptera,10,,,Tan midge ,{C2C849C7-214D-45E5-A228-F81FBB08543A},8/15/2019 5:13,mrodenbeck1,8/15/2019 5:13,mrodenbeck1,,aquaticinvertebratesdata_4
516,,,,Ephemeroptera ,10,,,Flat head,{C2C849C7-214D-45E5-A228-F81FBB08543A},8/15/2019 5:13,mrodenbeck1,8/15/2019 5:13,mrodenbeck1,,aquaticinvertebratesdata_4
517,,,,Ephemeroptera,10,,,Small /fast ,{C2C849C7-214D-45E5-A228-F81FBB08543A},8/15/2019 5:13,mrodenbeck1,8/15/2019 5:13,mrodenbeck1,,aquaticinvertebratesdata_4
518,,,,Coleoptera ,10,,,"Small, black ",{C2C849C7-214D-45E5-A228-F81FBB08543A},8/15/2019 5:13,mrodenbeck1,8/15/2019 5:13,mrodenbeck1,,aquaticinvertebratesdata_4
519,,,,Ephemeroptera ,5,,,Light and tanky ,{C2C849C7-214D-45E5-A228-F81FBB08543A},8/15/2019 5:13,mrodenbeck1,8/15/2019 5:13,mrodenbeck1,,aquaticinvertebratesdata_4
520,,,,Glossosomatidae,2,,,Round stone house ,{C2C849C7-214D-45E5-A228-F81FBB08543A},8/15/2019 5:13,mrodenbeck1,8/15/2019 5:13,mrodenbeck1,,aquaticinvertebratesdata_4
521,,,,Tricoptera ,1,,,Stone house ,{C2C849C7-214D-45E5-A228-F81FBB08543A},8/15/2019 5:13,mrodenbeck1,8/15/2019 5:13,mrodenbeck1,,aquaticinvertebratesdata_4
522,,,,Diptera,10,,,Black fly larvae ,{4F0009A8-27B8-4504-B56F-BB17F11388B4},8/15/2019 5:13,mrodenbeck1,8/15/2019 5:13,mrodenbeck1,,aquaticinvertebratesdata_4
523,,,,Ephemeroptera spp,10,,mayfly,"Flathead, baetis ",{4F0009A8-27B8-4504-B56F-BB17F11388B4},8/15/2019 5:13,mrodenbeck1,8/15/2019 5:13,mrodenbeck1,,aquaticinvertebratesdata_4
524,,,,Ephemeroptera ,10,,mayfly,Darker,{4F0009A8-27B8-4504-B56F-BB17F11388B4},8/15/2019 5:13,mrodenbeck1,8/15/2019 5:13,mrodenbeck1,,aquaticinvertebratesdata_4
525,,,,Coleoptera ,1,,,Predacious diving beetle ,{4F0009A8-27B8-4504-B56F-BB17F11388B4},8/15/2019 5:13,mrodenbeck1,8/15/2019 5:13,mrodenbeck1,,aquaticinvertebratesdata_4
526,,,,Plecoptera ,1,,,Golden stonefly -hesperoperla,{4F0009A8-27B8-4504-B56F-BB17F11388B4},8/15/2019 5:13,mrodenbeck1,8/15/2019 5:13,mrodenbeck1,,aquaticinvertebratesdata_4
527,,,,Ephemeroptera ,10,,,Striped thorax ,{4F0009A8-27B8-4504-B56F-BB17F11388B4},8/15/2019 5:13,mrodenbeck1,8/15/2019 5:13,mrodenbeck1,,aquaticinvertebratesdata_4
528,,,,Tricoptera ,10,,, Stone house caddisflies ,{4F0009A8-27B8-4504-B56F-BB17F11388B4},8/15/2019 5:13,mrodenbeck1,8/15/2019 5:13,mrodenbeck1,,aquaticinvertebratesdata_4
529,,,,Tricoptera-glossosomatidae,1,,,Round house ,{4F0009A8-27B8-4504-B56F-BB17F11388B4},8/15/2019 5:13,mrodenbeck1,8/15/2019 5:13,mrodenbeck1,,aquaticinvertebratesdata_4
530,,,,Snail,1,,,Spiral shell,{4F0009A8-27B8-4504-B56F-BB17F11388B4},8/15/2019 5:13,mrodenbeck1,8/15/2019 5:13,mrodenbeck1,,aquaticinvertebratesdata_4
531,,,,Diptera,10,,,Midge -tan ,{4F0009A8-27B8-4504-B56F-BB17F11388B4},8/15/2019 5:13,mrodenbeck1,8/15/2019 5:13,mrodenbeck1,,aquaticinvertebratesdata_4
532,,,,Tricoptera ,10,,deadmaterial,Stone houseJust casings,{C96A2D4D-8554-47C3-A2F1-5EE22BCF0BBC},8/15/2019 5:14,mrodenbeck1,8/15/2019 5:14,mrodenbeck1,,aquaticinvertebratesdata_4
533,,,,Coleoptera ,1,,,Water boatmen ,{C96A2D4D-8554-47C3-A2F1-5EE22BCF0BBC},8/15/2019 5:14,mrodenbeck1,8/15/2019 5:14,mrodenbeck1,,aquaticinvertebratesdata_4
534,,,,Ephemeroptera ,3,,,Flathead,{C96A2D4D-8554-47C3-A2F1-5EE22BCF0BBC},8/15/2019 5:14,mrodenbeck1,8/15/2019 5:14,mrodenbeck1,,aquaticinvertebratesdata_4
535,,,,Diptera,10,,,Black fly larvae ,{7F116A39-EE93-4A8A-9EAC-A21431D8E35C},8/16/2019 15:04,mrodenbeck1,8/16/2019 15:04,mrodenbeck1,,aquaticinvertebratesdata_4
536,,,,Coleoptera ,3,,,Predacious diving beetle ,{7F116A39-EE93-4A8A-9EAC-A21431D8E35C},8/16/2019 15:04,mrodenbeck1,8/16/2019 15:04,mrodenbeck1,,aquaticinvertebratesdata_4
537,,,,Tricoptera,2,,,Log cabin ,{7F116A39-EE93-4A8A-9EAC-A21431D8E35C},8/16/2019 15:04,mrodenbeck1,8/16/2019 15:04,mrodenbeck1,,aquaticinvertebratesdata_4
538,,,,Ephemeroptera ,10,,,Skinny fast- 3 tails ,{7F116A39-EE93-4A8A-9EAC-A21431D8E35C},8/16/2019 15:04,mrodenbeck1,8/16/2019 15:04,mrodenbeck1,,aquaticinvertebratesdata_4
539,,,,Diptera- midge ,10,,,Tan ,{7F116A39-EE93-4A8A-9EAC-A21431D8E35C},8/16/2019 15:04,mrodenbeck1,8/16/2019 15:04,mrodenbeck1,,aquaticinvertebratesdata_4
540,,,,Unknown spp,3,,,Segmented worm -maybe diptera,{7F116A39-EE93-4A8A-9EAC-A21431D8E35C},8/16/2019 15:04,mrodenbeck1,8/16/2019 15:04,mrodenbeck1,,aquaticinvertebratesdata_4
541,,,,Diptera -midge ,2,,,Red ,{7F116A39-EE93-4A8A-9EAC-A21431D8E35C},8/16/2019 15:04,mrodenbeck1,8/16/2019 15:04,mrodenbeck1,,aquaticinvertebratesdata_4
542,,,,,10,,deadmaterial,Snail shells,{E4649AE8-81F2-491B-8775-F01ACC07A2E3},8/27/2019 17:24,,8/27/2019 17:24,,,aquaticinvertebratesdata_4
543,,,,,2,,deadmaterial,I snail alive,{EE1B3227-CE70-4D32-97AE-E1B87388CCE1},8/27/2019 17:24,,8/27/2019 17:24,,,aquaticinvertebratesdata_4
544,,,,Stoneflies ,10,,,,{FD4E312A-9AFE-4DFC-844D-3308FD8A5C5D},8/28/2019 22:56,,8/28/2019 22:56,,,aquaticinvertebratesdata_4
545,,,,Caddisfly,10,,,,{FD4E312A-9AFE-4DFC-844D-3308FD8A5C5D},8/28/2019 22:56,,8/28/2019 22:56,,,aquaticinvertebratesdata_4
546,,,,Mayfly,10,,,,{FD4E312A-9AFE-4DFC-844D-3308FD8A5C5D},8/28/2019 22:56,,8/28/2019 22:56,,,aquaticinvertebratesdata_4
547,,,,,10,,mayfly,Hairy underbelly ,{FD4E312A-9AFE-4DFC-844D-3308FD8A5C5D},8/28/2019 22:56,,8/28/2019 22:56,,,aquaticinvertebratesdata_4
548,,,,,5,,,Skuds ,{FADB518F-8CC5-4F87-820A-C238D1B723D5},8/29/2019 0:17,,8/29/2019 0:17,,,aquaticinvertebratesdata_4
549,,,,,1,,,Stonefly,{FADB518F-8CC5-4F87-820A-C238D1B723D5},8/29/2019 0:17,,8/29/2019 0:17,,,aquaticinvertebratesdata_4
550,,,,,1,,,Odinate ,{FADB518F-8CC5-4F87-820A-C238D1B723D5},8/29/2019 0:17,,8/29/2019 0:17,,,aquaticinvertebratesdata_4
551,,,,,6,,,"Worms, 1 blood worm",{FADB518F-8CC5-4F87-820A-C238D1B723D5},8/29/2019 0:17,,8/29/2019 0:17,,,aquaticinvertebratesdata_4
552,,,,Snails,5,,,,{FADB518F-8CC5-4F87-820A-C238D1B723D5},8/29/2019 0:17,,8/29/2019 0:17,,,aquaticinvertebratesdata_4
553,,,,,0,,,Potential bug cases,{748B9C3A-CC15-4CB7-A0ED-4E0F1AA5B142},8/30/2019 22:29,,8/30/2019 22:29,,,aquaticinvertebratesdata_4
554,,,,Woody case ,3,,deadmaterial,,{AF9CBBEB-DA8B-4613-982A-8C87B5C89F96},9/2/2019 17:20,john7481,9/2/2019 17:20,john7481,,aquaticinvertebratesdata_4
555,,,,Caddis fly,1,,deadmaterial,Rockycase,{AF9CBBEB-DA8B-4613-982A-8C87B5C89F96},9/2/2019 17:20,john7481,9/2/2019 17:20,john7481,,aquaticinvertebratesdata_4
556,,,,Mosquitos,9,,,Lots of adults,{AF9CBBEB-DA8B-4613-982A-8C87B5C89F96},9/2/2019 17:20,john7481,9/2/2019 17:20,john7481,,aquaticinvertebratesdata_4
557,,,,Water striders,0,,,"Adults, over 100 pf them",{AF9CBBEB-DA8B-4613-982A-8C87B5C89F96},9/2/2019 17:20,john7481,9/2/2019 17:20,john7481,,aquaticinvertebratesdata_4
558,,,,Odanata,2,,,Adults,{AF9CBBEB-DA8B-4613-982A-8C87B5C89F96},9/2/2019 17:20,john7481,9/2/2019 17:20,john7481,,aquaticinvertebratesdata_4
559,,,,Dobsonfly,1,,,,{F238494B-0251-4BFF-BE45-9C58A388CBF1},9/4/2019 4:05,john7481,9/4/2019 4:05,john7481,,aquaticinvertebratesdata_4
560,,,,Caddisfly,10,,deadmaterial,Greater than 10 cases detected,{F238494B-0251-4BFF-BE45-9C58A388CBF1},9/4/2019 4:05,john7481,9/4/2019 4:05,john7481,,aquaticinvertebratesdata_4
561,,,,Stoneflys,10,,,"Greater than 10, some were eaten by dobsonfly",{F238494B-0251-4BFF-BE45-9C58A388CBF1},9/4/2019 4:05,john7481,9/4/2019 4:05,john7481,,aquaticinvertebratesdata_4
562,,,,,2,,,Green smallish,{F238494B-0251-4BFF-BE45-9C58A388CBF1},9/4/2019 4:05,john7481,9/4/2019 4:05,john7481,,aquaticinvertebratesdata_4
563,,,,,1,,,"Brown, possibbly a shredder",{F238494B-0251-4BFF-BE45-9C58A388CBF1},9/4/2019 4:05,john7481,9/4/2019 4:05,john7481,,aquaticinvertebratesdata_4
564,,,,Caddisdly,10,,deadmaterial,Greater than 10 cases,{89A5B7C0-9616-4364-95A6-DE801FC8E4BD},9/4/2019 4:28,john7481,9/4/2019 4:28,john7481,,aquaticinvertebratesdata_4
565,,,,Stoneflies,10,,deadmaterial,Greater than 10,{89A5B7C0-9616-4364-95A6-DE801FC8E4BD},9/4/2019 4:28,john7481,9/4/2019 4:28,john7481,,aquaticinvertebratesdata_4
566,,,,,10,,,3 tails,{6162F393-6BBD-4A6A-A3E3-F1D022C10485},9/4/2019 18:11,,9/4/2019 18:11,,,aquaticinvertebratesdata_4
567,,,,,1,,,Beetle ,{6162F393-6BBD-4A6A-A3E3-F1D022C10485},9/4/2019 18:11,,9/4/2019 18:11,,,aquaticinvertebratesdata_4
568,,,,,10,,,2 tails ,{6162F393-6BBD-4A6A-A3E3-F1D022C10485},9/4/2019 18:11,,9/4/2019 18:11,,,aquaticinvertebratesdata_4
569,,,,,0,,,Listed on data sheet ,{52403A9A-54BC-45F5-B23D-D29658219B59},9/4/2019 18:11,,9/4/2019 18:11,,,aquaticinvertebratesdata_4
570,,,,Stoneflies,10,,,"Greater than 10, lots of dead carcasses on stones",{FAB5EE74-1DBB-4AE1-97F6-6AE088766AAD},9/6/2019 4:10,,9/6/2019 4:10,,,aquaticinvertebratesdata_4
571,,,,Dobsonfly,1,,,,{FAB5EE74-1DBB-4AE1-97F6-6AE088766AAD},9/6/2019 4:10,,9/6/2019 4:10,,,aquaticinvertebratesdata_4
572,,,,Caddisfly ,10,,deadmaterial,"Greater than 10 cases, very consistently distributed",{FAB5EE74-1DBB-4AE1-97F6-6AE088766AAD},9/6/2019 4:10,,9/6/2019 4:10,,,aquaticinvertebratesdata_4
573,,,,Snail,2,,,Around 2mm in size,{FAB5EE74-1DBB-4AE1-97F6-6AE088766AAD},9/6/2019 4:10,,9/6/2019 4:10,,,aquaticinvertebratesdata_4
574,,,,Stoneflies,10,,,"Greater than 10, differentspecies",{CAC9CA19-997C-411D-8982-3F6F5B5A5D9B},9/6/2019 4:10,,9/6/2019 4:10,,,aquaticinvertebratesdata_4
575,,,,Bivalve,3,,,Lookedlike a limpet,{CAC9CA19-997C-411D-8982-3F6F5B5A5D9B},9/6/2019 4:10,,9/6/2019 4:10,,,aquaticinvertebratesdata_4
576,,,,Caddisfly,10,,deadmaterial,Greater than 10,{2FEF0481-C3A9-47DC-90C1-EF2A19E2212B},9/6/2019 4:10,,9/6/2019 4:10,,,aquaticinvertebratesdata_4
577,,,,Stoneflies,10,,,Greater than 10,{2FEF0481-C3A9-47DC-90C1-EF2A19E2212B},9/6/2019 4:10,,9/6/2019 4:10,,,aquaticinvertebratesdata_4
578,,,,Caddisfly,10,,deadmaterial,Greater than 10,{B6224C76-FD28-40E6-AA68-78F21457286B},9/7/2019 3:02,,9/7/2019 3:02,,,aquaticinvertebratesdata_4
579,,,,Caddisfly,10,,deadmaterial,,{12CFE0F7-37CC-442B-9980-A3D7A92E2935},9/7/2019 3:03,,9/7/2019 3:03,,,aquaticinvertebratesdata_4
580,,,,Stonefly,10,,,Greater than 10,{93875B9D-4BE9-4E08-835D-295202FFAD39},9/9/2019 16:22,,9/9/2019 16:22,,,aquaticinvertebratesdata_4
581,,,,Snails,3,,,,{93875B9D-4BE9-4E08-835D-295202FFAD39},9/9/2019 16:22,,9/9/2019 16:22,,,aquaticinvertebratesdata_4
582,,,,Beetle,1,,,,{93875B9D-4BE9-4E08-835D-295202FFAD39},9/9/2019 16:22,,9/9/2019 16:22,,,aquaticinvertebratesdata_4
583,,,,Caddisfly,4,,deadmaterial,,{1B1CB449-1FA2-498A-8CB0-2FBB4DF6B658},9/9/2019 16:22,,9/9/2019 16:22,,,aquaticinvertebratesdata_4
584,,,,Snail,1,,,"Could not get in vial, it was dropped",{16894BF5-B3D9-4D40-BA70-037CD685382B},9/9/2019 16:22,,9/9/2019 16:22,,,aquaticinvertebratesdata_4
585,,,,Snail 2,1,,,"Round, swirly shell, different than dripped snail",{16894BF5-B3D9-4D40-BA70-037CD685382B},9/9/2019 16:22,,9/9/2019 16:22,,,aquaticinvertebratesdata_4
586,,,,Mite,10,,,"Red mites , greater than 10",{16894BF5-B3D9-4D40-BA70-037CD685382B},9/9/2019 16:22,,9/9/2019 16:22,,,aquaticinvertebratesdata_4
587,,,,Bivalves,10,,deadmaterial,Greater than 10,{F1B3DEF9-16D2-4397-8939-8A43FF1C0F28},9/9/2019 22:27,,9/9/2019 22:27,,,aquaticinvertebratesdata_4
588,,,,Snails,1,,,,{F1B3DEF9-16D2-4397-8939-8A43FF1C0F28},9/9/2019 22:27,,9/9/2019 22:27,,,aquaticinvertebratesdata_4
589,,,,Worms,5,,,,{F1B3DEF9-16D2-4397-8939-8A43FF1C0F28},9/9/2019 22:27,,9/9/2019 22:27,,,aquaticinvertebratesdata_4
590,,,,Bivalve,1,,deadmaterial,,{90190FDB-89E1-4C3A-A5AD-08513D7CE265},9/9/2019 22:27,,9/9/2019 22:27,,,aquaticinvertebratesdata_4
591,,,,Belostomatidae,1,,,Hanging out in submerged overhanging vegetation,{18F1B7F2-30B8-4442-8996-A6C3CCD5376B},9/27/2019 18:44,raphaelmazor,9/27/2019 18:44,raphaelmazor,,aquaticinvertebratesdata_4
592,,,,Anisoptera,4,,,Family not yet confirmed. Hanging out in overhanging vegetation and in high-flow riffle,{18F1B7F2-30B8-4442-8996-A6C3CCD5376B},9/27/2019 18:44,raphaelmazor,9/27/2019 18:44,raphaelmazor,,aquaticinvertebratesdata_4
593,,,,Naucoridae,3,,,,{BDD49962-D648-4DE4-8759-6CF9F27E9666},9/27/2019 19:08,raphaelmazor,9/27/2019 19:08,raphaelmazor,,aquaticinvertebratesdata_4
594,,,,Tabanidae,1,,,,{BDD49962-D648-4DE4-8759-6CF9F27E9666},9/27/2019 19:08,raphaelmazor,9/27/2019 19:08,raphaelmazor,,aquaticinvertebratesdata_4
595,,,,Dryopidae,6,,,,{BDD49962-D648-4DE4-8759-6CF9F27E9666},9/27/2019 19:08,raphaelmazor,9/27/2019 19:08,raphaelmazor,,aquaticinvertebratesdata_4
596,,,,Anisoptera,1,,,Family not confirmed,{BDD49962-D648-4DE4-8759-6CF9F27E9666},9/27/2019 19:08,raphaelmazor,9/27/2019 19:08,raphaelmazor,,aquaticinvertebratesdata_4
597,,,,Leptohyphidae,6,,mayfly,,{BDD49962-D648-4DE4-8759-6CF9F27E9666},9/27/2019 19:08,raphaelmazor,9/27/2019 19:08,raphaelmazor,,aquaticinvertebratesdata_4
598,,,,Haliplidae,2,,,,{BDD49962-D648-4DE4-8759-6CF9F27E9666},9/27/2019 19:08,raphaelmazor,9/27/2019 19:08,raphaelmazor,,aquaticinvertebratesdata_4
599,,,,Belostomatidae,5,,,,{BDD49962-D648-4DE4-8759-6CF9F27E9666},9/27/2019 19:08,raphaelmazor,9/27/2019 19:08,raphaelmazor,,aquaticinvertebratesdata_4
600,,,,Dytiscidae,1,,,,{BDD49962-D648-4DE4-8759-6CF9F27E9666},9/27/2019 19:08,raphaelmazor,9/27/2019 19:08,raphaelmazor,,aquaticinvertebratesdata_4
601,,,,Zygoptera,1,,,Family not confirmed. Likely Lestidae or Calopterygidae,{BDD49962-D648-4DE4-8759-6CF9F27E9666},9/27/2019 19:08,raphaelmazor,9/27/2019 19:08,raphaelmazor,,aquaticinvertebratesdata_4
602,,,,,0,,,,{DC37829E-DEA9-485A-873D-D2BD7C2665C5},9/27/2019 20:53,raphaelmazor,9/27/2019 20:53,raphaelmazor,,aquaticinvertebratesdata_4
603,,,,Dytiscidae,3,,,,{1B77F8A2-DC2C-45F9-876B-7480FBE34141},9/27/2019 21:13,raphaelmazor,9/27/2019 21:13,raphaelmazor,,aquaticinvertebratesdata_4
604,,,,Hydrophilidae,10,,,,{1B77F8A2-DC2C-45F9-876B-7480FBE34141},9/27/2019 21:13,raphaelmazor,9/27/2019 21:13,raphaelmazor,,aquaticinvertebratesdata_4
605,,,,Notonectidae,2,,,,{1B77F8A2-DC2C-45F9-876B-7480FBE34141},9/27/2019 21:13,raphaelmazor,9/27/2019 21:13,raphaelmazor,,aquaticinvertebratesdata_4
606,,,,Gerridae,3,,,,{1B77F8A2-DC2C-45F9-876B-7480FBE34141},9/27/2019 21:13,raphaelmazor,9/27/2019 21:13,raphaelmazor,,aquaticinvertebratesdata_4
607,,,,Trichoptera ,10,,deadmaterial,Many large pupal chambers. See photos,{1BC1CD1D-2A76-4750-9627-3EFEA3FC3EA7},10/3/2019 0:50,,10/3/2019 0:50,,,aquaticinvertebratesdata_4
608,,,,Insect exuviae unknown ,10,,deadmaterial,Possibly trichoptera or beetle. ,{1BC1CD1D-2A76-4750-9627-3EFEA3FC3EA7},10/3/2019 0:50,,10/3/2019 0:50,,,aquaticinvertebratesdata_4
609,,,,Chironomidae,10,,deadmaterial,Lots of empty cases. See photos,{1BC1CD1D-2A76-4750-9627-3EFEA3FC3EA7},10/3/2019 0:50,,10/3/2019 0:50,,,aquaticinvertebratesdata_4
610,,,,Stratiomyidae,1,,,Alive. Collected on damp substrate under boulder. Possibly Stratiomyidae,{1BC1CD1D-2A76-4750-9627-3EFEA3FC3EA7},10/3/2019 0:50,,10/3/2019 0:50,,,aquaticinvertebratesdata_4
611,,,,Neohermes,3,,"deadmaterial,perennialindicator",Exuviae or dead material found under boulders in chambers excavated in damp material. Photographed and collected. Head capsule is patterned like Neohermes. ,{1BC1CD1D-2A76-4750-9627-3EFEA3FC3EA7},10/3/2019 0:50,,10/3/2019 0:50,,,aquaticinvertebratesdata_4
612,,,,Baetidae,10,,mayfly,,{B95DFF1F-6304-4DA0-AB1D-141BF0B946B4},10/11/2019 21:13,,10/11/2019 21:13,,,aquaticinvertebratesdata_4
613,,,,Corydalidae,1,,perennialindicator,,{B95DFF1F-6304-4DA0-AB1D-141BF0B946B4},10/11/2019 21:13,,10/11/2019 21:13,,,aquaticinvertebratesdata_4
614,,,,Sinubidae,10,,,,{B95DFF1F-6304-4DA0-AB1D-141BF0B946B4},10/11/2019 21:13,,10/11/2019 21:13,,,aquaticinvertebratesdata_4
615,,,,Chironomid,8,,,,{B95DFF1F-6304-4DA0-AB1D-141BF0B946B4},10/11/2019 21:13,,10/11/2019 21:13,,,aquaticinvertebratesdata_4
616,,,,Dipterans,10,,,,{B95DFF1F-6304-4DA0-AB1D-141BF0B946B4},10/11/2019 21:13,,10/11/2019 21:13,,,aquaticinvertebratesdata_4
617,,,,Corydalidae,1,,,,{B95DFF1F-6304-4DA0-AB1D-141BF0B946B4},10/11/2019 21:13,,10/11/2019 21:13,,,aquaticinvertebratesdata_4
618,,,,Caddis pupae,3,,,,{B95DFF1F-6304-4DA0-AB1D-141BF0B946B4},10/11/2019 21:13,,10/11/2019 21:13,,,aquaticinvertebratesdata_4
619,,,,Stonefly,2,,,,{B95DFF1F-6304-4DA0-AB1D-141BF0B946B4},10/11/2019 21:13,,10/11/2019 21:13,,,aquaticinvertebratesdata_4
620,,,,Scuds,0,,,,{C87CAE26-0F0E-406B-92FE-5F945C710045},10/11/2019 21:31,,10/11/2019 21:31,,,aquaticinvertebratesdata_4
621,,,,Fly larvae,0,,,,{C87CAE26-0F0E-406B-92FE-5F945C710045},10/11/2019 21:31,,10/11/2019 21:31,,,aquaticinvertebratesdata_4
622,,,,Blood worm,0,,,Samples to be identified in lab,{C87CAE26-0F0E-406B-92FE-5F945C710045},10/11/2019 21:31,,10/11/2019 21:31,,,aquaticinvertebratesdata_4
623,,,,None,0,,,,{098ED077-83E0-4E84-9779-A3D2835436F8},10/13/2019 6:27,,10/13/2019 6:27,,,aquaticinvertebratesdata_4
624,,,,,0,,,None found,{AA7C0D16-05B2-4644-B18A-477AD8A0C2DD},10/13/2019 16:26,,10/13/2019 16:26,,,aquaticinvertebratesdata_4
625,,,,Odonata,3,,perennialindicator,"Found both damselflies and dragonflies

Coenagrionidae (4)
Aeshnidae (2)
",{643F5396-780D-4B62-804D-25C02EB17B2D},11/2/2019 0:02,,11/2/2019 0:02,,,aquaticinvertebratesdata_4
626,,,,Mayflies,5,,mayfly,Baetidae,{643F5396-780D-4B62-804D-25C02EB17B2D},11/2/2019 0:02,,11/2/2019 0:02,,,aquaticinvertebratesdata_4
627,,,,Snails,0,,perennialindicator,Hydrobiidae,{643F5396-780D-4B62-804D-25C02EB17B2D},11/2/2019 0:02,,11/2/2019 0:02,,,aquaticinvertebratesdata_4
628,,,,Caddisflies ,2,,perennialindicator,Hydropsychidae,{643F5396-780D-4B62-804D-25C02EB17B2D},11/2/2019 0:02,,11/2/2019 0:02,,,aquaticinvertebratesdata_4
629,,,,Diptera,1,,,Simulidae,{643F5396-780D-4B62-804D-25C02EB17B2D},11/2/2019 0:02,,11/2/2019 0:02,,,aquaticinvertebratesdata_4
630,,,,Odonate,1,,,Only saw adults,{0E999336-86B6-4F9B-B719-FB68A2B1237C},11/2/2019 1:08,,11/2/2019 1:08,,,aquaticinvertebratesdata_4
631,,,,Odonates ,10,,perennialindicator,"Coenagrionidae (3)
Aeshnidae (1)
(From what was collected  for in-lab verification)
",{F092D24A-EB77-461A-BD52-FD733D22004F},11/2/2019 1:12,,11/2/2019 1:12,,,aquaticinvertebratesdata_4
632,,,,Diptera,1,,,Culicidae (1),{F092D24A-EB77-461A-BD52-FD733D22004F},11/2/2019 1:12,,11/2/2019 1:12,,,aquaticinvertebratesdata_4
633,,,,Mayfly,2,,mayfly,Baetidae,{F092D24A-EB77-461A-BD52-FD733D22004F},11/2/2019 1:12,,11/2/2019 1:12,,,aquaticinvertebratesdata_4
634,,,,Trichoptera,1,,,Hydrospychidae (1) ,{F092D24A-EB77-461A-BD52-FD733D22004F},11/2/2019 1:12,,11/2/2019 1:12,,,aquaticinvertebratesdata_4
635,,,,Hemipteran,1,,,Backswimmer,{F092D24A-EB77-461A-BD52-FD733D22004F},11/2/2019 1:12,,11/2/2019 1:12,,,aquaticinvertebratesdata_4
636,,,,Diptera,4,,,Simuliidae,{535F78A0-E097-465B-9DC2-4C7CDCFA9925},11/2/2019 1:33,,11/2/2019 1:33,,,aquaticinvertebratesdata_4
637,,,,Ephemeroptera,3,,,Baetidae ,{535F78A0-E097-465B-9DC2-4C7CDCFA9925},11/2/2019 1:33,,11/2/2019 1:33,,,aquaticinvertebratesdata_4
638,,,,,0,,,Bugs collected to be confirmed in lab,{CD1B94B5-05AC-4A6C-B423-247BA3F5FE1C},5/21/2020 20:08,,5/21/2020 20:08,,,aquaticinvertebratesdata_4
639,,,,,0,,,Collected for identification in lab,{B9193A56-4111-43E2-8CF6-E7E301C0B9EA},5/21/2020 21:11,,5/21/2020 21:11,,,aquaticinvertebratesdata_4
640,,,,,0,,,Collected for confirmation in lab,{10874E06-DD16-4543-AD3A-A71FA3ACCB7E},5/21/2020 21:46,,5/21/2020 21:46,,,aquaticinvertebratesdata_4
641,,,,,0,,,Sample collected to be verified in lab,{6DA3E38E-4600-4D84-91CA-35C8FF63ED2F},5/21/2020 22:42,,5/21/2020 22:42,,,aquaticinvertebratesdata_4
642,,,,,0,,,All BMI collected to be identified in lab,{FDB13E97-47EB-4C32-95F7-D28F685E57C1},5/21/2020 23:24,,5/21/2020 23:24,,,aquaticinvertebratesdata_4
643,,,,,0,,,Sample to be confirmed in lab,{C4BC71C8-6FE0-46EB-825F-EF6454EFFB30},5/21/2020 23:52,,5/21/2020 23:52,,,aquaticinvertebratesdata_4
